Company,Landed Month / Year,Capital Investment,Incentivized Jobs,New Jobs,Project Type,County,County Tier,FJTAP,FIDP,ED,Grants Total,FIPS,Region,Grant Type
Ultium Cells LLC,4/16/2021,2367000000,1700,1300,Recruitment,Maury,1,0,0,78000000,78000000,47119,Region 3,['ED']
"Oracle America, Inc.",8/31/2021,1350000000,5989,8500,Recruitment,Davidson,1,0,0,65000000,65000000,47037,Region 3,['ED']
LG Chem America Inc.,11/21/2022,3205715854,860,860,Recruitment,Montgomery,1,0,0,40000000,40000000,47125,Region 3,['ED']
ALSAC St Jude Children's,11/30/2016,1000000000,1800,1800,Expansion,Shelby,2,0,0,36000000,36000000,47157,Region 4,['ED']
General Motors LLC,10/20/2020,1717000000,2000,0,Expansion,Maury,1,35000000,0,0,35000000,47119,Region 3,['FJTAP']
"Denso Manufacturing Tennessee, Inc.",10/6/2017,1000000000,1000,1000,Expansion,Blount,1,1500000,0,20000000,21500000,47009,Region 1,"['FJTAP', 'ED']"
AllianceBernstein L.P.,5/2/2018,71518867,1250,1050,Recruitment,Davidson,1,0,0,20832500,20832500,47037,Region 3,['ED']
"Tyson Foods, Inc.",11/20/2017,320000000,1600,1600,Expansion New Location,Gibson,2,0,14000000,6000000,20000000,47053,Region 4,"['FIDP', 'ED']"
"Philips North America, Inc.",8/24/2017,39940000,815,815,Recruitment,Davidson,1,7400000,0,4212500,11612500,47037,Region 3,"['FJTAP', 'ED']"
Life Technologies Corporation,9/7/2021,182755000,1400,1400,Recruitment,Wilson,1,0,0,10500000,10500000,47189,Region 3,['ED']
"Smile Direct Club, LLC",3/20/2019,217000000,2010,2010,Expansion,Davidson,1,6550000,0,3500000,10050000,47037,Region 3,"['FJTAP', 'ED']"
Fedex Logistics,2/12/2019,44134000,689,689,Expansion New Location,Shelby,2,0,0,10000000,10000000,47157,Region 4,['ED']
"SK Food Group, Inc.",1/19/2023,205160000,840,840,Recruitment,Bradley,2,0,0,9000000,9000000,47011,Region 2,['ED']
"Smith & Wesson Brands, Inc.",9/30/2021,124521000,750,750,Recruitment,Blount,1,0,0,9000000,9000000,47009,Region 1,['ED']
"Bridgestone Americas Tire Operations, LLC",8/25/2022,550000000,380,380,Expansion,Warren,4,0,0,8000000,8000000,47177,Region 2,['ED']
Malibu Boats LLC,10/2/2023,75000000,770,770,Expansion New Location,Roane,2,0,0,7700000,7700000,47145,Region 1,['ED']
"Cosma International of America, Inc.",7/20/2023,516288800,750,750,Expansion New Location,Haywood,4,0,0,7500000,7500000,47075,Region 4,['ED']
Nokian Tyres U.S. Operations LLC,5/3/2017,360000000,400,400,Recruitment,Rhea,4,6435000,0,0,6435000,47143,Region 2,['FJTAP']
Ernst & Young LLP,11/13/2018,22680000,350,600,Expansion New Location,Davidson,1,6000000,0,0,6000000,47037,Region 3,['FJTAP']
General Motors LLC,4/27/2016,1020000000,1284,1431,Expansion,Maury,1,6000000,0,0,6000000,47119,Region 3,['FJTAP']
"Hankook Tire Co., Ltd",8/29/2022,611955918,397,397,Expansion,Montgomery,1,0,0,6000000,6000000,47125,Region 3,['ED']
ServiceMaster Company,6/2/2016,24345000,0,0,Expansion New Location,Shelby,2,0,0,5500000,5500000,47157,Region 4,['ED']
Tyson Foods Inc.,8/16/2017,80115000,561,330,Expansion,Obion,3,0,0,5100000,5100000,47131,Region 4,['ED']
"Axle Logistics, LLC",11/28/2023,37869055,651,651,Expansion,Knox,1,0,0,5000000,5000000,47093,Region 1,['ED']
Capgemini America Inc.,11/17/2021,20150000,500,500,Recruitment,Davidson,1,5000000,0,0,5000000,47037,Region 3,['FJTAP']
Hyosung Heavy Industries Corporation,12/13/2019,86939000,410,410,Recruitment,Shelby,2,0,0,5000000,5000000,47157,Region 4,['ED']
Mueller Water Products,11/13/2019,41010000,325,325,Expansion New Location,Marion,3,0,0,5000000,5000000,47115,Region 2,['ED']
"Oshkosh Manufacturing, LLC",7/12/2018,30600000,359,359,Recruitment,Jefferson,2,0,0,5000000,5000000,47089,Region 1,['ED']
Puritan Medical Products LLC,4/13/2021,220000000,0,632,Recruitment,Robertson,1,0,0,4750000,4750000,47147,Region 3,['ED']
"LG Electronics U.S.A., Inc.",2/27/2017,250583000,600,600,Recruitment,Montgomery,1,1500000,3032150,0,4532150,47125,Region 3,"['FJTAP', 'FIDP']"
"Hanon Systems USA, LLC",8/1/2023,166615494,600,600,Recruitment,Loudon,1,0,0,4500000,4500000,47105,Region 1,['ED']
"Indigo Ag., Inc.",12/12/2018,6592820,700,700,Expansion New Location,Shelby,2,1750000,0,2750000,4500000,47157,Region 4,"['FJTAP', 'ED']"
3M Company,1/20/2022,466200000,585,585,Expansion,Anderson,2,0,0,4400000,4400000,47001,Region 1,['ED']
Asurion Insurance Services Inc.,2/7/2018,288000000,400,400,Expansion New Location,Davidson,1,0,0,4400000,4400000,47037,Region 3,['ED']
"McNeilus Truck and Manufacturing, Inc",8/18/2022,52750000,330,230,Recruitment,Rutherford,1,0,0,4300000,4300000,47149,Region 3,['ED']
Royal Appliance Manufacturing Co. d/b/a TTI Floor Care North America,6/24/2020,20000000,500,500,Expansion,Putnam,2,0,0,4000000,4000000,47141,Region 2,['ED']
"Lowe's Companies, Inc.",7/28/2016,100020000,600,600,Recruitment,Robertson,1,0,792500,3000000,3792500,47147,Region 3,"['FIDP', 'ED']"
"Mohawk Industries, Inc.",6/21/2017,142000000,245,245,Expansion New Location,Dickson,1,0,0,3636718,3636718,47043,Region 3,['ED']
"CGI Federal, Inc",2/26/2021,26865845,300,300,Recruitment,Knox,1,3500000,0,0,3500000,47093,Region 1,['FJTAP']
"NTT DATA Services, LLC",3/15/2021,9901634,350,350,Recruitment,Davidson,1,3500000,0,0,3500000,47037,Region 3,['FJTAP']
"Mitsubishi Motors North America, Inc.",6/25/2019,18250000,202,202,Recruitment,Williamson,1,0,0,3315000,3315000,47187,Region 3,['ED']
Gr‰nges Americas Inc,9/15/2017,110000000,185,165,Expansion New Location,Carroll,4,0,423936,2775000,3198936,47017,Region 4,"['FIDP', 'ED']"
"Fiber Composites, LLC",1/26/2022,312000000,0,310,Recruitment,Maury,1,0,0,3100000,3100000,47119,Region 3,['ED']
"Amazon.com.dedc, LLC",10/18/2017,35000000,600,600,Expansion New Location,Shelby,2,0,0,3000000,3000000,47157,Region 4,['ED']
Ariens Company,6/2/2022,38000000,369,369,Recruitment,Lincoln,1,0,0,3000000,3000000,47103,Region 3,['ED']
Hankook & Company ES America Corp.,4/4/2018,136000000,200,200,Recruitment,Montgomery,1,0,0,3000000,3000000,47125,Region 3,['ED']
Helen of Troy,6/17/2021,160000000,350,350,Recruitment,Fayette,1,0,0,3000000,3000000,47047,Region 4,['ED']
Hydro-Gear Limited Partnership,5/18/2021,10000000,375,375,Recruitment,Carroll,4,0,0,3000000,3000000,47017,Region 4,['ED']
"Magna Seating of America, Inc.",7/20/2023,77542500,295,295,Expansion New Location,Haywood,4,0,0,3000000,3000000,47075,Region 4,['ED']
Microvast Power Solutions,2/10/2021,240000000,287,287,Recruitment,Montgomery,1,0,0,3000000,3000000,47125,Region 3,['ED']
"Portobello America, Inc.",12/3/2018,150000000,220,220,Recruitment,Putnam,2,0,0,3000000,3000000,47141,Region 2,['ED']
PUREGraphite LLC,6/22/2021,159573295,290,290,Expansion,Hamilton,1,0,0,3000000,3000000,47065,Region 2,['ED']
Science Applications International Corporation (SAIC),4/3/2017,2550000,180,300,Recruitment,Putnam,2,3000000,0,0,3000000,47141,Region 2,['FJTAP']
Textile Corporation of America,7/24/2017,27100000,1000,1000,Recruitment,Bledsoe,4,0,0,3000000,3000000,47007,Region 2,['ED']
Wacker Polysilicon North America LLC,7/27/2022,260000000,225,225,Expansion,Bradley,2,0,0,3000000,3000000,47011,Region 2,['ED']
MAHLE Behr Dayton L.L.C,7/29/2020,34000000,345,345,Expansion,Rutherford,1,0,0,2800000,2800000,47149,Region 3,['ED']
In-N-Out Burgers Inc.,1/10/2023,125500000,277,277,Recruitment,Williamson,1,0,0,2750000,2750000,47187,Region 3,['ED']
Hankook Tire,4/13/2016,4960000,200,200,Expansion New Location,Davidson,1,0,0,2715000,2715000,47037,Region 3,['ED']
"Revance Therapeutics, Inc.",12/16/2020,10800000,263,127,Recruitment,Davidson,1,0,0,2600000,2600000,47037,Region 3,['ED']
"Adient US, LLC",4/3/2018,10838437,547,216,Expansion,Henderson,3,0,0,2532530,2532530,47077,Region 4,['ED']
"Monogram Refrigeration, LLC",8/14/2017,9310052,210,210,Expansion,McNairy,4,0,0,2520000,2520000,47109,Region 4,['ED']
"Cosma International of America, Inc.",7/20/2023,199997200,250,250,Expansion New Location,Lawrence,3,0,0,2500000,2500000,47099,Region 3,['ED']
Protomet Corporation,4/10/2024,25000000,250,250,Expansion New Location,Roane,2,0,0,2500000,2500000,47145,Region 1,['ED']
Quanta Manufacturing Nashville,5/31/2022,30349040,546,546,Expansion New Location,Rutherford,1,0,0,2500000,2500000,47149,Region 3,['ED']
Georgia-Pacific Consumer Operations LLC,9/26/2022,425000000,220,220,Recruitment,Madison,2,0,0,2400000,2400000,47113,Region 4,['ED']
"DENSO Manufacturing Athens Tennessee, Inc. ",2/28/2018,190000000,310,320,Expansion,McMinn,3,0,0,2325000,2325000,47107,Region 2,['ED']
"AutoZone, Inc.",10/31/2019,191353960,130,130,Expansion New Location,Shelby,2,0,0,2275000,2275000,47157,Region 4,['ED']
Minth North America,6/13/2017,13200000,455,201,Recruitment,Marshall,2,0,0,2275000,2275000,47117,Region 3,['ED']
Williams Food Works and Distribution LLC,1/26/2017,37000000,226,226,Expansion New Location,Obion,3,0,417000,1843000,2260000,47131,Region 4,"['FIDP', 'ED']"
Flex Ltd.,6/30/2018,5605000,300,300,Expansion New Location,Shelby,2,750000,0,1500000,2250000,47157,Region 4,"['FJTAP', 'ED']"
Vonore Fiber Products LLC,12/6/2023,346000000,231,231,Expansion,Monroe,3,0,0,2250000,2250000,47123,Region 1,['ED']
"Dong-A USA, Inc.",5/1/2018,11720000,220,220,Recruitment,Weakley,3,0,0,2200000,2200000,47183,Region 4,['ED']
Sinova Silicon LLC,12/7/2021,150000000,140,140,Recruitment,Lake,4,0,0,2200000,2200000,47095,Region 4,['ED']
"Moldex-Metric, Inc.",9/29/2020,25250000,0,220,Recruitment,Wilson,1,2125000,0,0,2125000,47189,Region 3,['FJTAP']
"Chewy, Inc.",7/20/2021,100000000,1200,1200,Recruitment,Wilson,1,0,0,2100000,2100000,47189,Region 3,['ED']
Hormann LLC,10/5/2017,63750000,204,204,Recruitment,White,3,0,910000,1130000,2040000,47185,Region 2,"['FIDP', 'ED']"
"CKE Restaurants, Inc.",4/27/2016,5400000,126,126,Recruitment,Williamson,1,0,0,2016000,2016000,47187,Region 3,['ED']
"Amazon.com Services, Inc.",1/27/2020,200000000,1000,1000,Expansion New Location,Shelby,2,0,0,2000000,2000000,47157,Region 4,['ED']
"Amazon.com Services, Inc.",7/24/2020,250000000,1000,1000,Expansion New Location,Wilson,1,0,0,2000000,2000000,47189,Region 3,['ED']
"August Bioservices, LLC",11/18/2020,64748000,181,181,Expansion,Davidson,1,0,0,2000000,2000000,47037,Region 3,['ED']
Babynov USA LLC,10/16/2020,44900000,147,147,Recruitment,Macon,3,0,0,2000000,2000000,47111,Region 3,['ED']
"Cannon Automotive Solutions - Bowling Green, Inc.",9/30/2020,114000000,197,197,Recruitment,Bradley,2,0,0,2000000,2000000,47011,Region 2,['ED']
"Charles River Laboratories, Inc.",1/31/2021,45000000,500,500,Expansion,Shelby,2,2000000,0,0,2000000,47157,Region 4,['FJTAP']
Enchem America Inc.,6/26/2023,152500000,190,190,Recruitment,Haywood,4,0,0,2000000,2000000,47075,Region 4,['ED']
"England, Inc.",2/16/2018,31800000,202,202,Expansion,Claiborne,4,800000,0,1200000,2000000,47025,Region 1,"['FJTAP', 'ED']"
"Formulated Solutions Cleveland, LLC",3/7/2023,43672000,380,380,Recruitment,Bradley,2,0,0,2000000,2000000,47011,Region 2,['ED']
"IMC Companies, LLC",10/6/2021,3350000,158,158,Expansion,Shelby,2,0,0,2000000,2000000,47157,Region 4,['ED']
Kilgore Flares Company,5/15/2018,40038000,97,97,Expansion,Hardeman,4,0,0,2000000,2000000,47069,Region 4,['ED']
"The Lampo Group, LLC",6/22/2020,52423000,599,599,Expansion,Williamson,1,0,0,2000000,2000000,47187,Region 3,['ED']
LKQ Corporation,1/17/2017,26000000,150,150,Expansion,Davidson,1,0,0,1950000,1950000,47037,Region 3,['ED']
"Gold Creek Foods, LLC",10/26/2022,15000000,218,218,Recruitment,Campbell,4,0,0,1862810,1862810,47013,Region 1,['ED']
Monogram Assembled Foods LLC,2/3/2022,53500000,393,393,Expansion New Location,Dickson,1,1825000,0,0,1825000,47043,Region 3,['FJTAP']
"Crown Laboratories, Inc.",9/28/2019,27000000,216,216,Expansion,Washington,1,0,0,1800000,1800000,47179,Region 1,['ED']
Iatric Manufacturing Solutions LLC,3/30/2017,40300000,250,250,Recruitment,Hamblen,3,200000,0,1600000,1800000,47063,Region 1,"['FJTAP', 'ED']"
Nidec Motor Company,6/15/2018,18740000,301,301,Expansion,Henderson,3,800000,0,1000000,1800000,47077,Region 4,"['FJTAP', 'ED']"
"Gestamp Chattanooga, LLC",11/24/2020,60041093,260,260,Expansion,Hamilton,1,0,0,1775000,1775000,47065,Region 2,['ED']
MTD Consumer Group Inc.,7/17/2018,10000000,200,200,Expansion,Weakley,3,760000,0,1000000,1760000,47183,Region 4,"['FJTAP', 'ED']"
"6K Energy Tennessee, LLC",4/18/2023,166388932,230,230,Recruitment,Madison,2,0,0,1750000,1750000,47113,Region 4,['ED']
Caymas Boats LLC,11/19/2018,30300000,283,283,New Startup,Cheatham,1,283000,0,1467000,1750000,47021,Region 3,"['FJTAP', 'ED']"
"Dot Foods, Inc.",4/5/2022,50472500,171,171,Expansion New Location,Coffee,2,0,0,1750000,1750000,47031,Region 2,['ED']
Grammer,1/20/2016,20000000,250,250,Recruitment,Lincoln,1,195000,0,1555000,1750000,47103,Region 3,"['FJTAP', 'ED']"
"TechnologyAdvice, LLC",7/18/2022,2725000,350,350,Expansion,Davidson,1,1750000,0,0,1750000,47037,Region 3,['FJTAP']
uLab Systems,10/31/2021,30731000,231,231,Expansion,Shelby,2,0,0,1750000,1750000,47157,Region 4,['ED']
"Florim USA, Inc.",9/22/2021,36000000,224,35,Expansion,Montgomery,1,0,0,1700000,1700000,47125,Region 3,['ED']
"LG Electronics U.S.A., Inc.",4/14/2021,20500000,334,334,Expansion,Montgomery,1,1670000,0,0,1670000,47125,Region 3,['FJTAP']
Amazon.com Services LLC,2/3/2021,200000000,800,800,Expansion New Location,Blount,1,0,0,1600000,1600000,47009,Region 1,['ED']
Thomas & Betts Corporation,7/14/2017,20750000,0,89,Expansion New Location,Shelby,2,0,0,1600000,1600000,47157,Region 4,['ED']
Sedgwick CMS Holdings Inc.,2/20/2017,76161618,150,150,Expansion New Location,Shelby,2,0,0,1575000,1575000,47157,Region 4,['ED']
Tritium Technologies LLC,2/8/2022,15287148,778,510,Recruitment,Wilson,1,1556000,0,0,1556000,47189,Region 3,['FJTAP']
"Access Dental Lab TX, LLC",9/17/2020,34100000,630,630,Expansion New Location,Maury,1,0,0,1500000,1500000,47119,Region 3,['ED']
Arconic Tennessee LLC,8/13/2021,108731783,200,200,Expansion,Blount,1,0,0,1500000,1500000,47009,Region 1,['ED']
"Arrowhead Engineered Products, Inc.",2/1/2023,19479800,414,414,Recruitment,Robertson,1,1500000,0,0,1500000,47147,Region 3,['FJTAP']
Custom Foods of America Inc.,12/13/2023,51039000,249,249,Expansion,Knox,1,0,0,1500000,1500000,47093,Region 1,['ED']
"Domtar Paper Company, LLC",8/7/2020,320000000,137,137,Expansion,Sullivan,2,0,0,1500000,1500000,47163,Region 1,['ED']
Eastman Chemical Company,1/29/2021,270000000,85,0,Expansion,Sullivan,2,1500000,0,0,1500000,47163,Region 1,['FJTAP']
Huber Engineered Woods LLC,11/4/2016,54900000,141,141,Expansion,Rhea,4,0,0,1500000,1500000,47143,Region 2,['ED']
"LabConnect, Inc.",4/4/2020,8650000,211,211,Expansion,Washington,1,0,0,1500000,1500000,47179,Region 1,['ED']
Protomet Corporation,6/27/2017,29343000,200,200,Expansion New Location,Loudon,1,0,0,1500000,1500000,47105,Region 1,['ED']
Sese Industrial Services US Corp,2/4/2021,42077599,240,240,Expansion New Location,Hamilton,1,0,0,1500000,1500000,47065,Region 2,['ED']
Shaw Industries,10/20/2017,42000000,75,75,Expansion,Meigs,4,0,0,1500000,1500000,47121,Region 2,['ED']
Gr‰nges Americas Inc,1/31/2017,360000000,0,375,Expansion,Carroll,4,0,0,1375000,1375000,47017,Region 4,['ED']
"Bridgetown Natural Foods, LLC",3/20/2024,78267009,219,219,Recruitment,Wilson,1,1314000,0,0,1314000,47189,Region 3,['FJTAP']
"Summertown Metals, LLC",12/20/2022,10976000,197,197,Expansion New Location,Lewis,4,0,0,1300000,1300000,47101,Region 3,['ED']
"Western Express, Inc.",4/30/2019,88000000,225,225,Expansion,Davidson,1,0,0,1300000,1300000,47037,Region 3,['ED']
"iHeart Media + Entertainment, Inc.",10/31/2021,2850000,180,180,Recruitment,Davidson,1,0,0,1250000,1250000,47037,Region 3,['ED']
"JMG Thermal, LLC",11/16/2021,16050000,155,155,New Startup,Henderson,3,0,0,1250000,1250000,47077,Region 4,['ED']
Kaiser Aluminum Investments Company,7/29/2021,3450000,80,80,Recruitment,Williamson,1,0,0,1250000,1250000,47187,Region 3,['ED']
McKee Foods Corporation,3/10/2020,225000000,125,125,Expansion,Hamilton,1,0,0,1250000,1250000,47065,Region 2,['ED']
"PPG Industries, Inc",5/21/2024,225000000,129,129,Expansion New Location,Loudon,1,0,0,1250000,1250000,47105,Region 1,['ED']
"QTC Management, Inc.",6/16/2020,5100000,412,412,Recruitment,Davidson,1,0,0,1250000,1250000,47037,Region 3,['ED']
"Schneider Electric USA, Inc.",7/13/2016,37000000,250,250,Expansion New Location,Williamson,1,0,0,1250000,1250000,47187,Region 3,['ED']
"TeamHealth, Inc.",5/9/2016,6675000,250,250,Expansion New Location,Knox,1,0,0,1250000,1250000,47093,Region 1,['ED']
JNJ Express,2/26/2019,83575000,0,610,Expansion New Location,Shelby,2,0,0,1220000,1220000,47157,Region 4,['ED']
A.O. Smith Corporation,1/31/2016,35847016,150,53,Expansion,Cheatham,1,0,0,1213650,1213650,47021,Region 3,['ED']
Lodge Manufacturing Company,10/22/2021,55892342,239,239,Expansion,Marion,3,0,0,1210000,1210000,47115,Region 2,['ED']
"Southern Champion Tray, L.P.",8/11/2020,84860550,120,120,Expansion New Location,Hamilton,1,0,0,1200000,1200000,47065,Region 2,['ED']
Forward Air Inc,8/3/2016,4298250,105,105,Expansion,Greene,3,0,0,1155000,1155000,47059,Region 1,['ED']
Develey,3/10/2016,20000000,150,150,Recruitment,Dyer,2,0,184000,941000,1125000,47045,Region 4,"['FIDP', 'ED']"
"Nippon Paint Automotive Americas, Inc.",9/23/2019,61000000,150,150,Recruitment,Hamilton,1,0,0,1125000,1125000,47065,Region 2,['ED']
"Recreational Equipment, Inc.",1/12/2022,108550000,288,288,Recruitment,Wilson,1,0,0,1100000,1100000,47189,Region 3,['ED']
"Evergreen Packaging, Inc.",5/6/2016,1150000,0,70,Expansion New Location,Shelby,2,0,0,1050000,1050000,47157,Region 4,['ED']
NYX Linden LLC,3/16/2023,10385000,137,137,Expansion,Perry,4,0,0,1027500,1027500,47135,Region 3,['ED']
"Advanex Americas, Inc.",6/8/2021,17000000,102,102,Recruitment,Robertson,1,0,0,1000000,1000000,47147,Region 3,['ED']
Amazon.com Services LLC,8/18/2021,100000000,500,500,Expansion New Location,Montgomery,1,0,0,1000000,1000000,47125,Region 3,['ED']
"Aphena Pharma Solutions - Tennessee, LLC",9/15/2020,21000000,160,160,Expansion,Putnam,2,0,0,1000000,1000000,47141,Region 2,['ED']
"August Bioservices, LLC",9/30/2023,65000000,90,90,Expansion,Davidson,1,0,0,1000000,1000000,47037,Region 3,['ED']
Automation Tool Company,8/18/2016,10417459,110,110,Expansion,Putnam,2,0,0,1000000,1000000,47141,Region 2,['ED']
Choate Engineering Performance,3/19/2021,8000000,100,100,New Startup,Hardeman,4,0,0,1000000,1000000,47069,Region 4,['ED']
Energybox Inc,6/30/2022,1739000,250,265,Recruitment,Davidson,1,1000000,0,0,1000000,47037,Region 3,['FJTAP']
Excel Boat Company,12/4/2018,5705000,170,170,Recruitment,Obion,3,0,0,1000000,1000000,47131,Region 4,['ED']
Frazier Industrial Company,5/4/2017,17350000,120,120,Expansion New Location,Dyer,2,0,0,1000000,1000000,47045,Region 4,['ED']
Genesco Inc.,2/10/2020,31350000,60,60,Expansion New Location,Davidson,1,0,0,1000000,1000000,47037,Region 3,['ED']
Harry's Fresh Foods,4/20/2016,34300000,302,302,Recruitment,Davidson,1,50000,0,950000,1000000,47037,Region 3,"['FJTAP', 'ED']"
Hirotec Manufacturing America LLC,12/17/2018,41000000,110,110,Recruitment,Lincoln,1,0,0,1000000,1000000,47103,Region 3,['ED']
HUBNER Manufacturing Corporation,3/6/2019,11640590,135,135,Recruitment,Sequatchie,4,0,0,1000000,1000000,47153,Region 2,['ED']
iFixit,7/19/2022,24250000,201,201,Recruitment,Hamilton,1,0,0,1000000,1000000,47065,Region 2,['ED']
JC Ford Co,5/6/2021,10500000,210,210,Recruitment,Maury,1,0,0,1000000,1000000,47119,Region 3,['ED']
Kordsa Inc.,4/18/2023,50000000,200,200,Expansion,Hamilton,1,0,0,1000000,1000000,47065,Region 2,['ED']
Mullican Flooring,8/3/2016,15000000,200,200,Expansion,Washington,1,0,0,1000000,1000000,47179,Region 1,['ED']
Olympus America Inc.,1/28/2016,11500000,149,149,Expansion New Location,Shelby,2,250000,0,750000,1000000,47157,Region 4,"['FJTAP', 'ED']"
"PlastiExports, Newco Inc",6/1/2020,6195000,118,118,Recruitment,Unicoi,3,0,0,1000000,1000000,47171,Region 1,['ED']
"Saxco International, LLC",12/31/2022,2515000,100,100,Recruitment,Williamson,1,1000000,0,0,1000000,47187,Region 3,['FJTAP']
"Stanley Black and Decker, Inc.",6/8/2017,29117899,256,256,Expansion,Madison,2,0,0,1000000,1000000,47113,Region 4,['ED']
"Symmco, Incorporated",8/30/2022,13137250,86,86,Recruitment,Hawkins,4,0,0,1000000,1000000,47073,Region 1,['ED']
The Kroger Co.,8/21/2023,40000000,140,140,Recruitment,Bradley,2,0,0,1000000,1000000,47011,Region 2,['ED']
"TwelveStone Health Partners, Inc.",2/16/2016,14900000,200,200,Recruitment,Rutherford,1,0,0,1000000,1000000,47149,Region 3,['ED']
Warner Music Group,10/28/2016,30000000,175,171,Recruitment,Davidson,1,0,0,1000000,1000000,47037,Region 3,['ED']
Memphis Record Pressing,3/31/2022,7676194,282,282,Expansion New Location,Shelby,2,987000,0,0,987000,47157,Region 4,['FJTAP']
"HealthVerve Food Manufacturing USA, Inc.",12/15/2022,2200000,212,212,Expansion New Location,Overton,3,954000,0,0,954000,47133,Region 2,['FJTAP']
VP Racing Fuels,2/14/2019,4610000,150,40,Recruitment,Carroll,4,0,0,942500,942500,47017,Region 4,['ED']
"MCP TN, LLC",4/19/2021,48060978,261,261,Expansion,Fayette,1,0,0,900000,900000,47047,Region 4,['ED']
"NewBasis, LLC",12/14/2023,16287000,249,249,Recruitment,Wilson,1,0,0,900000,900000,47189,Region 3,['ED']
Titan Medical Manufacturing LLC,4/26/2019,7500000,87,87,Expansion New Location,Henderson,3,0,149900,750000,899900,47077,Region 4,"['FIDP', 'ED']"
"Nashville Record Pressing, LLC",4/19/2022,13345000,255,255,Expansion New Location,Davidson,1,892500,0,0,892500,47037,Region 3,['FJTAP']
"Barrette Outdoor Living, Inc.",7/8/2021,33000000,162,162,Expansion,Hawkins,4,0,0,874800,874800,47073,Region 1,['ED']
La-Z-Boy Manufacturing Inc.,2/2/2017,42477179,115,115,Expansion New Location,Rhea,4,0,0,862000,862000,47143,Region 2,['ED']
"Apricity Resources, LLC",10/17/2016,2191000,215,215,Expansion New Location,Davidson,1,0,0,860000,860000,47037,Region 3,['ED']
Faurecia Interior Systems,10/27/2021,18000000,171,171,Expansion,Maury,1,0,0,855000,855000,47119,Region 3,['ED']
Sungwoo Hitech America Corp,8/25/2021,40000000,117,117,Recruitment,Washington,1,0,0,850000,850000,47179,Region 1,['ED']
"Script2U, LLC",11/30/2019,18500000,83,83,Expansion New Location,Shelby,2,0,0,830000,830000,47157,Region 4,['ED']
Associated Pathologists,6/13/2017,30000000,209,209,Recruitment,Williamson,1,0,0,828000,828000,47187,Region 3,['ED']
"Petoskey Plastics, Inc.",5/6/2018,29607466,71,71,Expansion,Hamblen,3,71000,750000,0,821000,47063,Region 1,"['FJTAP', 'FIDP']"
Royal Canin US,3/16/2021,205656000,92,92,Expansion,Wilson,1,0,0,815000,815000,47189,Region 3,['ED']
Virnig Manufacturing Inc.,11/1/2021,11583500,70,74,Recruitment,Bledsoe,4,0,0,810000,810000,47007,Region 2,['ED']
"ebm-papst, Inc.",5/16/2019,37320000,200,200,Recruitment,Washington,1,0,0,800000,800000,47179,Region 1,['ED']
Highland Ventures Ltd.,7/25/2022,8250000,80,80,Recruitment,Williamson,1,800000,0,0,800000,47187,Region 3,['FJTAP']
"Electric Research and Manufacturing Cooperative, Inc.",9/17/2019,12000000,150,150,Expansion New Location,Dyer,2,790000,0,0,790000,47045,Region 4,['FJTAP']
Lodge Manufacturing Company,6/20/2016,78543031,158,158,Expansion,Marion,3,0,0,790000,790000,47115,Region 2,['ED']
"Pilot.com, Inc.",6/25/2019,6260000,455,455,Recruitment,Davidson,1,773500,0,0,773500,47037,Region 3,['FJTAP']
"CKE Restaurants, Inc.",6/28/2018,3580000,145,145,Expansion,Williamson,1,0,0,750000,750000,47187,Region 3,['ED']
"Confluent Medical Technologies, Inc",12/9/2020,8338000,79,79,Recruitment,Hamilton,1,0,0,750000,750000,47065,Region 2,['ED']
Fuel Total Systems Kentucky Corporation,10/31/2018,60910000,75,150,Recruitment,Maury,1,750000,0,0,750000,47119,Region 3,['FJTAP']
"Gestamp Chattanooga, LLC",3/18/2019,40840071,110,95,Expansion,Hamilton,1,0,0,750000,750000,47065,Region 2,['ED']
"KaTom Restaurant Supply, Inc.",3/25/2022,7450000,120,120,Expansion,Sevier,2,0,0,750000,750000,47155,Region 1,['ED']
Mimeo.com,11/19/2018,16000000,184,300,Expansion,Shelby,2,750000,0,0,750000,47157,Region 4,['FJTAP']
Pandrol North America,5/13/2019,8250000,96,96,Recruitment,Shelby,2,0,0,750000,750000,47157,Region 4,['ED']
"Summit Healthcare Management, LLC",11/16/2023,4505000,125,125,Expansion New Location,Williamson,1,750000,0,0,750000,47187,Region 3,['FJTAP']
"Troy Industries, Inc.",5/13/2021,7186200,75,75,Expansion New Location,Montgomery,1,0,0,750000,750000,47125,Region 3,['ED']
USAntibiotics,8/30/2021,16030000,63,63,New Startup,Sullivan,2,0,0,750000,750000,47163,Region 1,['ED']
"Valmont Industries, Inc. ",1/25/2021,18995869,65,65,Expansion,Marion,3,0,0,750000,750000,47115,Region 2,['ED']
Prospero Health,9/17/2019,1528000,249,249,New Startup,Shelby,2,0,0,747000,747000,47157,Region 4,['ED']
"United Record Pressing, LLC",4/13/2023,8815000,209,209,Expansion,Davidson,1,731500,0,0,731500,47037,Region 3,['FJTAP']
Faurecia Interior Systems,8/28/2018,17100000,143,143,Recruitment,Maury,1,715000,0,0,715000,47119,Region 3,['FJTAP']
"Smith & Nephew, Inc.",10/7/2016,81754186,142,142,Expansion,Shelby,2,710000,0,0,710000,47157,Region 4,['FJTAP']
Thomas & Betts Corporation,8/5/2018,18000000,71,71,Expansion,McMinn,3,0,0,710000,710000,47107,Region 2,['ED']
"McNeilus Steel, Inc.",4/23/2019,18830000,72,72,Recruitment,Hamblen,3,700000,0,0,700000,47063,Region 1,['FJTAP']
"West Fraser, Inc.",2/28/2023,8425000,140,140,Expansion,Shelby,2,700000,0,0,700000,47157,Region 4,['FJTAP']
"Toyota Boshoku Tennessee, LLC",12/4/2017,31924872,139,139,Expansion,Madison,2,0,0,695000,695000,47113,Region 4,['ED']
Eurotranciatura USA LLC,7/26/2016,12550000,173,173,Expansion New Location,Henry,3,42000,0,650000,692000,47079,Region 4,"['FJTAP', 'ED']"
Sunrise Medical (US) LLC,9/30/2023,9645520,113,113,Expansion,Wilson,1,678000,0,0,678000,47189,Region 3,['FJTAP']
Exel Inc. d/b/a DHL Supply Chain (USA),12/31/2016,81798125,655,655,Expansion New Location,Shelby,2,655000,0,0,655000,47157,Region 4,['FJTAP']
"Private National Mortgage Acceptance Company, LLC",1/27/2022,3933310,325,325,Recruitment,Williamson,1,650000,0,0,650000,47187,Region 3,['FJTAP']
"StonePeak Ceramic, Inc.",9/12/2018,70000000,28,161,Expansion,Cumberland,3,650000,0,0,650000,47035,Region 2,['FJTAP']
Pyramex Safety Products,5/31/2017,15000000,27,27,Expansion New Location,Fayette,1,0,631285,0,631285,47047,Region 4,['FIDP']
Amaero International Ltd,7/14/2023,54900000,105,105,Recruitment,Bradley,2,0,0,625000,625000,47011,Region 2,['ED']
Design Team Sign Company,2/28/2018,11315552,125,125,Expansion,Hardin,3,0,0,625000,625000,47071,Region 4,['ED']
"Global Track Manufacturing USA, INC.",10/15/2019,2000000,0,250,Expansion,Gibson,2,625000,0,0,625000,47053,Region 4,['FJTAP']
"Howmet Castings & Services, Inc. (a subsidiary of Howmet Aerospace Inc.)",5/31/2019,77400000,125,125,Expansion,Hamblen,3,625000,0,0,625000,47063,Region 1,['FJTAP']
SpecialtyCare,3/15/2018,12262500,0,124,Expansion New Location,Williamson,1,620000,0,0,620000,47187,Region 3,['FJTAP']
"Chattanooga Seating Systems, LLC",8/17/2016,5395000,190,190,Expansion,Hamilton,1,611652,0,0,611652,47065,Region 2,['FJTAP']
"Captive-Aire Systems, Inc.",2/28/2022,24600000,0,113,Recruitment,Greene,3,0,0,610200,610200,47059,Region 1,['ED']
Leclerc Foods Tennessee LLC,12/6/2016,48998221,105,105,Expansion,Sullivan,2,105000,0,500000,605000,47163,Region 1,"['FJTAP', 'ED']"
"Accurate Energetic Systems, LLC",2/24/2020,9700000,80,80,Expansion,Humphreys,2,0,0,601000,601000,47085,Region 3,['ED']
Arvin Sango Inc.,12/12/2019,49000000,153,153,Expansion,Chester,3,0,600000,0,600000,47023,Region 4,['FIDP']
"Daejin Advanced Materials USA, Inc.",9/27/2022,10200000,83,83,Recruitment,Stewart,2,0,0,600000,600000,47161,Region 3,['ED']
"Duksan Electera America, Inc.",7/27/2022,94624389,101,101,Recruitment,Bedford,2,0,0,600000,600000,47003,Region 3,['ED']
FreightWaves,10/11/2018,3894125,72,260,Expansion,Hamilton,1,600000,0,0,600000,47065,Region 2,['FJTAP']
"Frito-Lay, Inc.",11/6/2020,100000000,100,100,Expansion,Giles,2,600000,0,0,600000,47055,Region 3,['FJTAP']
Q&B FOODS Inc,11/9/2022,65189000,85,85,Recruitment,Montgomery,1,0,0,600000,600000,47125,Region 3,['ED']
Walgreens (HQ),6/30/2021,30000000,200,200,Recruitment,Shelby,2,600000,0,0,600000,47157,Region 4,['FJTAP']
"Advanced Correctional Healthcare, Inc.",4/21/2021,2500000,58,58,Recruitment,Williamson,1,580000,0,0,580000,47187,Region 3,['FJTAP']
Fitzgerald Collision & Repair LLC,6/29/2017,8000000,51,145,Expansion,Overton,3,580000,0,0,580000,47133,Region 2,['FJTAP']
Jost International Corp,11/30/2021,6042415,164,164,Expansion,Greene,3,574000,0,0,574000,47059,Region 1,['FJTAP']
"Digital Reasoning Systems, Inc.",5/18/2016,861500,36,189,Expansion,Williamson,1,567000,0,0,567000,47187,Region 3,['FJTAP']
"Lochinvar, LLC.",8/31/2022,20835200,141,40,Expansion,Wilson,1,564000,0,0,564000,47189,Region 3,['FJTAP']
Allied Dispatch Solutions,2/12/2018,452000,110,112,Recruitment,Hancock,4,560000,0,0,560000,47067,Region 1,['FJTAP']
Wall Innovations LLC,2/18/2022,6424800,72,72,Recruitment,Hardeman,4,0,0,555408,555408,47069,Region 4,['ED']
Craig Manufacturing Ltd.,10/5/2018,6400000,80,80,Recruitment,Lawrence,3,0,0,551000,551000,47099,Region 3,['ED']
"Schwarz Partners, L.P.",1/31/2020,44000000,83,83,Expansion New Location,Bradley,2,0,550000,0,550000,47011,Region 2,['FIDP']
"Tenneco, Inc.",8/11/2016,32491000,200,200,Expansion New Location,Maury,1,200000,0,330230,530230,47119,Region 3,"['FJTAP', 'ED']"
Nippon Steel & Sumikin Materials USA Ltd.,1/12/2016,5700000,65,65,Recruitment,Lincoln,1,0,0,530000,530000,47103,Region 3,['ED']
Teknor Apex Tennessee Company,1/25/2017,32200000,50,50,Expansion New Location,Haywood,4,0,529200,0,529200,47075,Region 4,['FIDP']
"Otics USA, Inc.",3/2/2023,147000000,70,70,Expansion,Hamblen,3,525000,0,0,525000,47063,Region 1,['FJTAP']
Green Mountain Technology,8/31/2019,5462000,62,104,Expansion,Shelby,2,520000,0,0,520000,47157,Region 4,['FJTAP']
"Old Hickory Smokehouse, Inc.",7/31/2017,4250000,120,120,Expansion,Marshall,2,120000,140667,250000,510667,47117,Region 3,"['FJTAP', 'FIDP', 'ED']"
"KaTom Restaurant Supply, Inc.",2/3/2017,2950000,100,100,Expansion,Sevier,2,150000,0,359725,509725,47155,Region 1,"['FJTAP', 'ED']"
Mersen USA Holding Corp.,11/12/2019,64900000,101,101,Recruitment,Maury,1,0,505000,0,505000,47119,Region 3,['FIDP']
"AGC Flat Glass North America, Inc.",1/10/2018,40600328,85,85,Expansion,Hawkins,4,0,0,500000,500000,47073,Region 1,['ED']
Arrive Logistics,3/21/2019,3600000,27,500,Expansion,Hamilton,1,500000,0,0,500000,47065,Region 2,['FJTAP']
ATC Drivetrain,3/16/2022,8342110,218,218,Recruitment,Knox,1,0,0,500000,500000,47093,Region 1,['ED']
ATN Hoelzel LP,8/6/2019,2015000,100,100,Expansion New Location,Hamilton,1,500000,0,0,500000,47065,Region 2,['FJTAP']
"AutoZone Texas, LLC",10/19/2020,42000000,45,45,Expansion,Henderson,3,0,0,500000,500000,47077,Region 4,['ED']
"Avant, LLC",12/20/2017,2050000,250,250,Recruitment,Blount,1,500000,0,0,500000,47009,Region 1,['FJTAP']
"Aviagen, Inc.",7/16/2020,35300000,36,36,Expansion New Location,Bledsoe,4,0,0,500000,500000,47007,Region 2,['ED']
"Elo Touch Solutions, Inc",8/31/2021,13165000,61,61,Expansion New Location,Knox,1,0,0,500000,500000,47093,Region 1,['ED']
Groove Life Corp,7/21/2020,1890000,76,76,Expansion,Maury,1,0,0,500000,500000,47119,Region 3,['ED']
Kairos Power,7/16/2021,100000000,55,55,Recruitment,Roane,2,0,0,500000,500000,47145,Region 1,['ED']
"Mars Chocolate North America, LLC",10/5/2018,142700000,79,79,Expansion,Bradley,2,500000,0,0,500000,47011,Region 2,['FJTAP']
Miyake Forging North America,6/7/2017,13652000,60,60,Expansion New Location,Hawkins,4,0,0,500000,500000,47073,Region 1,['ED']
"New Balance Athletics, Inc.",10/18/2022,68461703,154,154,Recruitment,Wilson,1,0,0,500000,500000,47189,Region 3,['ED']
"Oshkosh Manufacturing, LLC",12/31/2022,2020000,0,122,Expansion,Jefferson,2,500000,0,0,500000,47089,Region 1,['FJTAP']
"Precision Military Aerodynamics, LLC",7/29/2016,1850000,100,100,Expansion,Sequatchie,4,250000,0,250000,500000,47153,Region 2,"['FJTAP', 'ED']"
The ICEE Company,2/27/2019,10103086,207,207,Recruitment,Rutherford,1,500000,0,0,500000,47149,Region 3,['FJTAP']
Wacker Polysilicon North America LLC,12/14/2016,150000000,50,50,Expansion,Bradley,2,500000,0,0,500000,47011,Region 2,['FJTAP']
"Woodmack Products, Inc.",8/24/2020,3850000,72,72,Expansion New Location,Rhea,4,0,0,500000,500000,47143,Region 2,['ED']
Copperweld Bimetallics LLC,7/31/2022,27000000,162,162,Expansion,Lincoln,1,486000,0,0,486000,47103,Region 3,['FJTAP']
Hunter Fan Company,10/31/2022,7601232,50,50,Expansion,Shelby,2,475000,0,0,475000,47157,Region 4,['FJTAP']
Prinova Nutrition LLC,10/24/2016,2050000,246,310,Recruitment,Maury,1,465000,0,0,465000,47119,Region 3,['FJTAP']
"Team Technologies, Inc",7/26/2017,6015000,160,160,Expansion,Hamblen,3,64000,0,400000,464000,47063,Region 1,"['FJTAP', 'ED']"
"Gestamp Chattanooga, LLC",9/30/2018,34754526,90,90,Expansion,Hamilton,1,450000,0,0,450000,47065,Region 2,['FJTAP']
Hitachi Zosen Inova USA LLC,11/9/2022,6584000,90,90,Expansion,Knox,1,450000,0,0,450000,47093,Region 1,['FJTAP']
Nearest Green Distillery Inc.,5/31/2021,20500000,108,108,Expansion,Bedford,2,0,0,450000,450000,47003,Region 3,['ED']
"ServiceSource Delaware, Inc.",8/31/2017,1098000,20,450,Expansion,Davidson,1,450000,0,0,450000,47037,Region 3,['FJTAP']
"Ventcon, Inc.",8/23/2022,6680000,75,75,Recruitment,Madison,2,450000,0,0,450000,47113,Region 4,['FJTAP']
Olympus Surgical Technologies America,1/28/2016,500000,109,131,Expansion New Location,Shelby,2,446304,0,0,446304,47157,Region 4,['FJTAP']
The Gap Inc.,6/9/2017,41683203,509,509,Expansion,Sumner,1,441812,0,0,441812,47165,Region 3,['FJTAP']
"Agero, Inc.",3/4/2016,3500000,585,585,Expansion New Location,Sullivan,2,438750,0,0,438750,47163,Region 1,['FJTAP']
DaVita Inc.,5/31/2018,11200000,59,145,Expansion,Williamson,1,435000,0,0,435000,47187,Region 3,['FJTAP']
"Akzo Nobel Coatings, Inc.",1/24/2017,10010000,148,171,Expansion,Davidson,1,427500,0,0,427500,47037,Region 3,['FJTAP']
"Homeland Vinyl Products, Inc.",5/12/2017,4395200,105,50,Expansion,Hawkins,4,25000,0,400000,425000,47073,Region 1,"['FJTAP', 'ED']"
A.O. Smith Corporation - American Water Heater Company,7/31/2022,17582600,106,26,Expansion,Washington,1,424000,0,0,424000,47179,Region 1,['FJTAP']
Eurotranciatura USA LLC,6/30/2016,5000000,106,106,Expansion,Henry,3,24000,0,400000,424000,47079,Region 4,"['FJTAP', 'ED']"
US Smokeless Tobacco Company,5/31/2017,30700000,106,106,Expansion,Davidson,1,424000,0,0,424000,47037,Region 3,['FJTAP']
Marvin Windows and Doors Of Tennessee,1/31/2023,14700000,157,157,Expansion,Lauderdale,4,423900,0,0,423900,47097,Region 4,['FJTAP']
Agilent Technologies,12/15/2017,700000,117,121,Recruitment,Shelby,2,275500,0,148000,423500,47157,Region 4,"['FJTAP', 'ED']"
"Permobil, Inc.",3/28/2022,15500000,70,70,Expansion,Wilson,1,0,0,420000,420000,47189,Region 3,['ED']
Sparks Custom Fabrication,12/20/2016,500000,54,138,Expansion,McNairy,4,414000,0,0,414000,47109,Region 4,['FJTAP']
"Innovate Manufacturing, Inc.",1/31/2023,6791754,102,102,Expansion,Knox,1,408000,0,0,408000,47093,Region 1,['FJTAP']
IGT Solutions,8/25/2021,3913000,202,202,Expansion New Location,Knox,1,404000,0,0,404000,47093,Region 1,['FJTAP']
"NSK Steering Systems, Inc.",2/29/2016,37550000,109,109,Expansion,Dyer,2,0,401390,0,401390,47045,Region 4,['FIDP']
"CCL Label, Inc.",3/17/2016,9906995,51,130,Expansion,Shelby,2,400000,0,0,400000,47157,Region 4,['FJTAP']
Genuine Parts Company,11/17/2020,50000000,250,250,Expansion New Location,Wilson,1,400000,0,0,400000,47189,Region 3,['FJTAP']
"Mid-America Apartments, LP",12/31/2016,6500000,100,100,Expansion,Shelby,2,0,0,400000,400000,47157,Region 4,['ED']
Pottery Direct International Inc.,9/21/2018,8350000,44,44,Recruitment,Carroll,4,0,0,400000,400000,47017,Region 4,['ED']
Pringles Manufacturing Company,7/31/2020,200000000,80,80,Expansion,Madison,2,400000,0,0,400000,47113,Region 4,['FJTAP']
"Republic Doors and Frames, LLC",11/14/2017,4462000,62,70,Expansion,Carroll,4,400000,0,0,400000,47017,Region 4,['FJTAP']
Riviana Foods Inc.,11/30/2022,80608000,80,80,Expansion,Shelby,2,400000,0,0,400000,47157,Region 4,['FJTAP']
"Safari Enterprises, LLC",5/24/2021,7500000,0,85,Recruitment,Macon,3,0,0,400000,400000,47111,Region 3,['ED']
Sylvamo,9/30/2021,11500000,50,50,New Startup,Shelby,2,0,0,400000,400000,47157,Region 4,['ED']
"Toyota Boshoku Tennessee, LLC",3/23/2023,54400000,80,80,Expansion,Madison,2,0,0,400000,400000,47113,Region 4,['ED']
"McNeilus Steel, Inc.",10/31/2023,20375000,55,55,Expansion New Location,Warren,4,399960,0,0,399960,47177,Region 2,['FJTAP']
Smart USA Co.,7/7/2021,2242929,100,128,Recruitment,Davidson,1,390625,0,0,390625,47037,Region 3,['FJTAP']
Maplehurst Bakeries LLC,10/26/2018,53500000,109,90,Expansion,Wilson,1,390000,0,0,390000,47189,Region 3,['FJTAP']
"BMT Manufacturing, LLC",7/5/2018,1763000,100,100,Expansion New Location,Campbell,4,0,0,383000,383000,47013,Region 1,['ED']
Arcosa Marine Products,11/5/2018,12800000,234,301,Expansion,Cheatham,1,376250,0,0,376250,47021,Region 3,['FJTAP']
"Unitech North America, LLC",1/12/2024,30009000,75,75,Recruitment,Warren,4,375000,0,0,375000,47177,Region 2,['FJTAP']
"Dutch Tech, Inc.",9/28/2023,755000,73,73,Expansion,Perry,4,374928,0,0,374928,47135,Region 3,['FJTAP']
"United Parcel Service, Inc.",8/31/2020,220481898,105,105,Expansion,Shelby,2,367500,0,0,367500,47157,Region 4,['FJTAP']
Kroger Fulfillment Network LLC,7/14/2022,3602000,181,181,Recruitment,Davidson,1,362000,0,0,362000,47037,Region 3,['FJTAP']
Miller Greeneville Inc.,3/29/2021,15467298,79,79,Expansion,Greene,3,355500,0,0,355500,47059,Region 1,['FJTAP']
"Aphena Pharma Solutions - Tennessee, LLC",4/30/2017,7402575,150,150,Expansion,Putnam,2,350400,0,0,350400,47141,Region 2,['FJTAP']
Diakonia Group LLC,5/31/2023,2400000,70,70,Expansion New Location,Williamson,1,350000,0,0,350000,47187,Region 3,['FJTAP']
"Documotion Research, Inc.",1/26/2021,9250000,80,80,Recruitment,Maury,1,0,0,350000,350000,47119,Region 3,['ED']
"Pantos USA, Inc.",11/2/2020,33390000,62,62,Expansion New Location,Montgomery,1,0,0,350000,350000,47125,Region 3,['ED']
"Parker Trutec MMI, Inc.",3/25/2022,12075000,48,48,Expansion New Location,Sevier,2,0,0,350000,350000,47155,Region 1,['ED']
S Bravo Systems,7/22/2019,2880000,83,83,Recruitment,Henderson,3,30000,0,320000,350000,47077,Region 4,"['FJTAP', 'ED']"
"Takahata Precision America, Inc.",12/13/2017,9707995,81,81,Expansion,Scott,4,50000,0,300000,350000,47151,Region 1,"['FJTAP', 'ED']"
"Integrated Biometric Technology, LLC",7/26/2021,2310600,58,142,New Startup,Williamson,1,348000,0,0,348000,47187,Region 3,['FJTAP']
Vi-Jon LLC,7/21/2021,45364000,64,64,Expansion,Rutherford,1,345000,0,0,345000,47149,Region 3,['FJTAP']
Hardcoat Technologies LLC,10/21/2022,6598000,85,85,Expansion,Knox,1,340000,0,0,340000,47093,Region 1,['FJTAP']
Cabinets to Go,12/18/2017,6500000,67,67,Expansion,Lawrence,3,335000,0,0,335000,47099,Region 3,['FJTAP']
"Franke Foodservice Systems Americas, Inc.",8/30/2017,11600000,61,67,Expansion,Rutherford,1,335000,0,0,335000,47149,Region 3,['FJTAP']
Roadtec Inc,6/30/2017,0,39,335,Expansion,Hamilton,1,335000,0,0,335000,47065,Region 2,['FJTAP']
Accenture LLP,1/13/2020,5800000,165,165,Expansion New Location,Davidson,1,330000,0,0,330000,47037,Region 3,['FJTAP']
"Smile Direct Club, LLC",2/7/2017,4500000,439,439,Expansion,Davidson,1,330000,0,0,330000,47037,Region 3,['FJTAP']
A.O. Smith Corporation,8/31/2022,37346500,82,82,Expansion,Cheatham,1,328000,0,0,328000,47021,Region 3,['FJTAP']
"Prisma Nashville, LLC",5/11/2022,11965081,109,109,Expansion,Davidson,1,327000,0,0,327000,47037,Region 3,['FJTAP']
"Parker Hannifin Corp, Copper Products Div",3/31/2016,6463000,50,50,Expansion,Weakley,3,25000,0,300000,325000,47183,Region 4,"['FJTAP', 'ED']"
CMH Manufacturing Inc.,4/22/2019,14220000,108,108,Expansion New Location,Sumner,1,324000,0,0,324000,47165,Region 3,['FJTAP']
MSS Steel Tubes USA LLC,2/8/2023,6000000,129,129,Recruitment,Shelby,2,322500,0,0,322500,47157,Region 4,['FJTAP']
Stony Creek Colors,3/28/2016,7173350,50,50,Recruitment,Robertson,1,0,0,321896,321896,47147,Region 3,['ED']
Dongwha Electrolyte USA Inc,2/27/2023,70300000,68,68,Recruitment,Montgomery,1,0,0,320000,320000,47125,Region 3,['ED']
Planet H20 LLC,5/31/2016,10000000,48,48,New Startup,Perry,4,0,319200,0,319200,47135,Region 3,['FIDP']
Telos Global,8/26/2016,32055000,63,63,New Startup,Campbell,4,315000,0,0,315000,47013,Region 1,['FJTAP']
Wind River Custom Homes LLC,11/7/2023,2550000,77,77,Expansion New Location,Bradley,2,308000,0,0,308000,47011,Region 2,['FJTAP']
The Gap Inc.,3/22/2021,83139000,601,601,Expansion,Sumner,1,300500,0,0,300500,47165,Region 3,['FJTAP']
"Chick-fil-A Supply, LLC",2/17/2022,16300000,45,45,Expansion New Location,Davidson,1,300000,0,0,300000,47037,Region 3,['FJTAP']
"Colonial Chemical, Inc",4/11/2021,13815000,44,44,Expansion,Marion,3,0,0,300000,300000,47115,Region 2,['ED']
Columbiad Fabrication and Aviation LLC,5/3/2022,4800000,144,144,Expansion New Location,Henry,3,0,0,300000,300000,47079,Region 4,['ED']
FCR Sparta LLC,6/29/2017,1000000,59,75,New Startup,White,3,300000,0,0,300000,47185,Region 2,['FJTAP']
Nile Automotive Group,3/31/2016,2574870,53,53,Expansion,Grundy,4,50000,0,250000,300000,47061,Region 2,"['FJTAP', 'ED']"
Seaman Corporation,7/12/2023,30000000,58,58,Expansion New Location,Sullivan,2,0,0,300000,300000,47163,Region 1,['ED']
Snap-on Logistics,1/30/2024,44000000,50,50,Expansion,Carter,4,0,0,300000,300000,47019,Region 1,['ED']
"Tri-City Extrusion, Inc.",5/5/2022,30805900,51,51,Expansion New Location,Sullivan,2,0,0,300000,300000,47163,Region 1,['ED']
V&F Transformer Corporation,1/27/2017,1415000,48,48,Expansion,Clay,4,0,0,300000,300000,47027,Region 2,['ED']
Tsubaki USA,8/15/2017,35850000,70,70,Expansion New Location,Sumner,1,70000,229382,0,299382,47165,Region 3,"['FJTAP', 'FIDP']"
"American Stave Company, LLC",6/14/2023,30000000,85,85,Expansion New Location,Overton,3,295290,0,0,295290,47133,Region 2,['FJTAP']
MECO Corporation,5/24/2023,27842000,67,67,Expansion,Greene,3,294197,0,0,294197,47059,Region 1,['FJTAP']
Oak Crest Lumber,2/28/2017,5944000,73,73,Expansion,Cocke,4,92000,0,200000,292000,47029,Region 1,"['FJTAP', 'ED']"
"Alphatec Spine, Inc.",4/30/2021,3500000,95,95,Recruitment,Shelby,2,285000,0,0,285000,47157,Region 4,['FJTAP']
Jones Plastics & Engineering Corporation,12/28/2016,4530000,52,52,Expansion,Benton,4,0,0,285000,285000,47005,Region 4,['ED']
Whisper Aero Inc,8/3/2021,7500000,47,47,New Startup,Cumberland,3,282000,0,0,282000,47035,Region 2,['FJTAP']
Welch Packaging Corporation,8/9/2018,4000000,39,39,Expansion,Henderson,3,0,281704,0,281704,47077,Region 4,['FIDP']
"Surface Dynamics, LLC",8/19/2019,9867390,111,111,Expansion,Shelby,2,277500,0,0,277500,47157,Region 4,['FJTAP']
StarLEDGREEN,3/7/2018,1028000,50,50,Recruitment,Johnson,4,0,0,275000,275000,47091,Region 1,['ED']
"Ascent Buildings, LLC",5/17/2021,4900000,122,122,Recruitment,Sumner,1,274500,0,0,274500,47165,Region 3,['FJTAP']
"BRS Offroad, LLC",4/6/2021,655500,50,115,New Startup,Lewis,4,270000,0,0,270000,47101,Region 3,['FJTAP']
DHL Supply Chain (USA),10/31/2020,53991898,268,268,Expansion New Location,Shelby,2,268000,0,0,268000,47157,Region 4,['FJTAP']
Troxel Company,1/31/2016,3784000,177,177,Expansion,Fayette,1,265500,0,0,265500,47047,Region 4,['FJTAP']
United States Stove Company,3/31/2016,4200000,78,78,Expansion,Marion,3,0,0,264176,264176,47115,Region 2,['ED']
"United Parcel Service, Inc.",8/31/2016,132073845,105,105,Expansion,Davidson,1,262500,0,0,262500,47037,Region 3,['FJTAP']
"Covenant Transport Solutions, LLC",4/2/2019,2958500,0,130,Expansion,Hamilton,1,260000,0,0,260000,47065,Region 2,['FJTAP']
PeroxyChem,3/31/2018,14000000,14,26,Expansion New Location,Shelby,2,260000,0,0,260000,47157,Region 4,['FJTAP']
Vonore Fiber Products LLC,9/30/2019,81050000,57,57,Expansion,Monroe,3,256500,0,0,256500,47123,Region 1,['FJTAP']
"Simon & Schuster, Inc.",4/30/2019,2350000,83,255,Expansion New Location,Gibson,2,255000,0,0,255000,47053,Region 4,['FJTAP']
Universal Music Publishing Group,6/30/2017,1595000,57,85,Recruitment,Davidson,1,255000,0,0,255000,47037,Region 3,['FJTAP']
"Henderson Stamping & Production, Inc.",10/8/2019,13452000,52,52,Expansion New Location,Chester,3,0,250314,0,250314,47023,Region 4,['FIDP']
3D Systems,5/25/2016,2960004,83,83,Expansion,Lawrence,3,0,0,250000,250000,47099,Region 3,['ED']
"A. Y. McDonald, Inc.",7/31/2018,8055000,36,36,Expansion,Carter,4,0,0,250000,250000,47019,Region 1,['ED']
Brown-Forman Corporation,2/10/2016,140000000,30,30,Expansion,Moore,1,0,0,250000,250000,47127,Region 3,['ED']
Duracell Manufacturing LLC,4/4/2023,25221699,25,25,Expansion,Bradley,2,0,0,250000,250000,47011,Region 2,['ED']
Gorman Woodyard LLC.,1/29/2020,1500000,46,46,Expansion,Humphreys,2,0,250000,0,250000,47085,Region 3,['FIDP']
Holcim Participations (US) Inc.,10/7/2021,13000000,28,28,Expansion New Location,Davidson,1,0,0,250000,250000,47037,Region 3,['ED']
"JTEKT Automotive Tennessee - Vonore, LLC",2/1/2016,218450000,50,50,Expansion,Monroe,3,0,0,250000,250000,47123,Region 1,['ED']
"Love's Truck Solutions, LLC",7/10/2019,8850000,52,52,Expansion New Location,Gibson,2,250000,0,0,250000,47053,Region 4,['FJTAP']
"Modern Forge Of Tennessee, Inc",6/30/2021,7742000,52,52,Expansion,Sullivan,2,0,0,250000,250000,47163,Region 1,['ED']
Rich Products Corporation,2/26/2024,27146500,51,51,Expansion,Hamblen,3,0,0,250000,250000,47063,Region 1,['ED']
"Roadtec, Inc.",5/12/2021,6175000,128,128,Expansion,Hamilton,1,0,0,250000,250000,47065,Region 2,['ED']
"Ultimate Linings, LLC",3/29/2022,31096043,50,50,Recruitment,Wilson,1,0,0,250000,250000,47189,Region 3,['ED']
"United Hydrogen Cryogenics of Tennessee, LLC",9/30/2017,28553270,25,25,New Startup,Bradley,2,50000,200000,0,250000,47011,Region 2,"['FJTAP', 'FIDP']"
"Van Hool TN Manufacturing, LLC",4/12/2018,47000000,636,640,Recruitment,Hamblen,3,0,250000,0,250000,47063,Region 1,['FIDP']
"Supply Wizard, LLC",4/30/2023,3090000,49,147,New Startup,Warren,4,249900,0,0,249900,47177,Region 2,['FJTAP']
Quality Building Supply LLC,11/30/2022,1686475,43,43,Expansion,Perry,4,249400,0,0,249400,47135,Region 3,['FJTAP']
AeroCustom Inc.,7/9/2020,890000,62,62,Recruitment,Hardin,3,248000,0,0,248000,47071,Region 4,['FJTAP']
"Macy's, Inc.",2/9/2022,128300000,49,49,Expansion,Robertson,1,245000,0,0,245000,47147,Region 3,['FJTAP']
Advanced Design Solutions Inc.,5/22/2019,10027000,109,179,Recruitment,Lawrence,3,242083,0,0,242083,47099,Region 3,['FJTAP']
"Flexco Products of Tennessee, Inc",2/27/2024,17500000,60,60,Recruitment,Lawrence,3,240000,0,0,240000,47099,Region 3,['FJTAP']
"IMC Companies, LLC",11/30/2019,18300000,34,34,Expansion New Location,Shelby,2,238000,0,0,238000,47157,Region 4,['FJTAP']
Identity Group Holdings Corp,3/31/2023,2109000,59,59,Expansion,Putnam,2,236000,0,0,236000,47141,Region 2,['FJTAP']
Medici XD LLC,1/31/2023,7000000,29,29,Recruitment,Davidson,1,232000,0,0,232000,47037,Region 3,['FJTAP']
"Taxi Workhorse Holdings, LLC.",1/31/2023,2500000,77,77,Expansion,Greene,3,231000,0,0,231000,47059,Region 1,['FJTAP']
"Unipres U.S.A., Inc.",11/30/2023,38827000,77,77,Expansion,Sumner,1,231000,0,0,231000,47165,Region 3,['FJTAP']
"Bottlers Company International, LLC",2/1/2023,9510000,57,57,Expansion New Location,Warren,4,230000,0,0,230000,47177,Region 2,['FJTAP']
"Sanford, LP",1/31/2020,11084660,115,115,Expansion,Bedford,2,0,0,230000,230000,47003,Region 3,['ED']
"Stone Mountain Technologies, Inc.",11/15/2023,13875000,111,111,Expansion New Location,Sullivan,2,226440,0,0,226440,47163,Region 1,['FJTAP']
"Agero, Inc.",6/30/2020,2000000,900,900,Expansion,Montgomery,1,225000,0,0,225000,47125,Region 3,['FJTAP']
Campbell Arms Manufacturing,6/30/2017,887500,50,50,New Startup,Carroll,4,25000,0,200000,225000,47017,Region 4,"['FJTAP', 'ED']"
"Engineered Medical Systems, LLC",4/30/2020,13324000,60,60,Expansion,Shelby,2,225000,0,0,225000,47157,Region 4,['FJTAP']
"Engineered Medical Systems, LLC",9/30/2022,12000000,60,60,Expansion,Shelby,2,225000,0,0,225000,47157,Region 4,['FJTAP']
"ERMCO, Inc.",9/30/2016,0,150,150,Expansion,Dyer,2,225000,0,0,225000,47045,Region 4,['FJTAP']
"ERMCO, Inc.",9/30/2017,0,150,150,Expansion,Dyer,2,225000,0,0,225000,47045,Region 4,['FJTAP']
Flex-N-Gate Rockford LLC,6/29/2021,5495742,91,91,Expansion,Blount,1,0,0,225000,225000,47009,Region 1,['ED']
Thompson Appalachian Hardwoods,11/30/2017,9270000,28,28,Expansion,Franklin,2,0,225000,0,225000,47051,Region 2,['FIDP']
Tri Star Spirits LLC,4/20/2021,20175000,58,58,Expansion New Location,Blount,1,0,0,225000,225000,47009,Region 1,['ED']
"Monogram Refrigeration, LLC",6/30/2019,4088000,30,30,Expansion,McNairy,4,0,222500,0,222500,47109,Region 4,['FIDP']
Sole Supports,2/4/2016,500000,54,54,Expansion New Location,Lewis,4,0,216000,0,216000,47101,Region 3,['FIDP']
Dorman Products,3/23/2018,58000000,0,214,Expansion,Robertson,1,214000,0,0,214000,47147,Region 3,['FJTAP']
Technology Lab,1/4/2024,1848000,71,71,Expansion,Davidson,1,213000,0,0,213000,47037,Region 3,['FJTAP']
FAIST Light Metals,2/22/2016,3100000,21,30,Expansion,Lauderdale,4,110000,0,100000,210000,47097,Region 4,"['FJTAP', 'ED']"
Impact Outsourcing Solutions,2/29/2016,1525000,284,284,Recruitment,Wilson,1,210000,0,0,210000,47189,Region 3,['FJTAP']
Sparta Metal Processing LLC,11/30/2023,12363415,52,52,Expansion,White,3,208000,0,0,208000,47185,Region 2,['FJTAP']
"Cupples J&J Company, Inc.",9/30/2021,9780000,115,115,Expansion,Madison,2,207000,0,0,207000,47113,Region 4,['FJTAP']
Advance Auto Parts,1/6/2016,24500000,205,205,Recruitment,Rutherford,1,205000,0,0,205000,47149,Region 3,['FJTAP']
"Firestone Industrial Products, LLC",4/17/2024,8940000,41,41,Expansion New Location,Dyer,2,0,0,205000,205000,47045,Region 4,['ED']
RGE USA Inc.,9/30/2016,4175250,41,41,Expansion,Cocke,4,0,0,205000,205000,47029,Region 1,['ED']
SGB Enterprises Inc.,10/4/2023,1700819,41,41,Recruitment,Maury,1,205000,0,0,205000,47119,Region 3,['FJTAP']
C-Wood Lumber,1/31/2017,2121000,15,15,Expansion,Wayne,4,0,204470,0,204470,47181,Region 3,['FIDP']
"Advanced Plating, Inc.",12/4/2018,4000000,0,200,Expansion New Location,Sumner,1,200000,0,0,200000,47165,Region 3,['FJTAP']
Ampro Industries Inc.,9/30/2020,6000000,50,25,Expansion,Shelby,2,200000,0,0,200000,47157,Region 4,['FJTAP']
"AZZ, Inc.",6/30/2018,9650000,110,110,Expansion New Location,Hamilton,1,200000,0,0,200000,47065,Region 2,['FJTAP']
Bongard's Creameries,7/18/2017,35000000,91,95,Expansion,Gibson,2,200000,0,0,200000,47053,Region 4,['FJTAP']
"Brushy Mountain Group, LLC",9/30/2016,7200005,47,47,New Startup,Morgan,4,0,0,200000,200000,47129,Region 1,['ED']
"Colortech, Inc.",1/31/2019,14500000,28,28,Expansion,Hamblen,3,100000,100000,0,200000,47063,Region 1,"['FJTAP', 'FIDP']"
"CRM Co., LLC",1/31/2022,10000000,100,100,Recruitment,Coffee,2,200000,0,0,200000,47031,Region 2,['FJTAP']
Ebbtide Holdings LLC,12/5/2018,542000,97,97,New Startup,Dickson,1,0,0,200000,200000,47043,Region 3,['ED']
"ERMCO, Inc.",1/31/2019,0,130,130,Expansion,Dyer,2,200000,0,0,200000,47045,Region 4,['FJTAP']
"Gutterglove, Inc",12/3/2020,5400000,85,85,Recruitment,Rutherford,1,0,0,200000,200000,47149,Region 3,['ED']
"Hargett Materials, Inc.",1/26/2021,2150000,50,50,Expansion New Location,Gibson,2,0,200000,0,200000,47053,Region 4,['FIDP']
Journeys Group,11/15/2016,35000000,65,72,Expansion,Wilson,1,200000,0,0,200000,47189,Region 3,['FJTAP']
JumpCrew,12/13/2016,2500000,200,200,Recruitment,Davidson,1,200000,0,0,200000,47037,Region 3,['FJTAP']
"Martinrea Automotive Structures (USA), Inc.",7/1/2021,39760000,0,97,Expansion,Robertson,1,0,0,200000,200000,47147,Region 3,['ED']
Marvin Windows and Doors Of Tennessee,8/31/2016,9092000,100,100,Expansion,Lauderdale,4,200000,0,0,200000,47097,Region 4,['FJTAP']
Mobile Mentor Inc,4/23/2018,931848,27,110,Recruitment,Davidson,1,200000,0,0,200000,47037,Region 3,['FJTAP']
Modine Manufacturing Company,2/12/2021,1187153,45,45,Expansion,Lawrence,3,0,0,200000,200000,47099,Region 3,['ED']
Rough Country Intermediate Holdings LLC.,12/31/2020,8500000,100,100,Expansion,Dyer,2,200000,0,0,200000,47045,Region 4,['FJTAP']
RTG Furniture Corp. of Georgia,6/6/2019,69000000,200,200,Expansion New Location,Wilson,1,200000,0,0,200000,47189,Region 3,['FJTAP']
SHINHUNG GLOBAL U.S.A. Inc.,9/8/2021,7000000,83,83,Expansion,Montgomery,1,200000,0,0,200000,47125,Region 3,['FJTAP']
"Teijin Carbon America, Inc.",9/30/2016,16155000,17,69,Expansion,Roane,2,200000,0,0,200000,47145,Region 1,['FJTAP']
Turner Dairy,12/31/2016,8000000,0,24,Expansion,Shelby,2,200000,0,0,200000,47157,Region 4,['FJTAP']
Wise Company,11/29/2016,2088000,0,74,Expansion,Hardin,3,100000,0,100000,200000,47071,Region 4,"['FJTAP', 'ED']"
"Baltimore Aircoil Company, Inc.",12/20/2023,16500000,63,63,Expansion,Rhea,4,199962,0,0,199962,47143,Region 2,['FJTAP']
"Leonard Industries Manufacturing, LLC.",1/5/2022,5658000,166,166,Expansion,Greene,3,199200,0,0,199200,47059,Region 1,['FJTAP']
Fluid Routing Solutions,3/31/2018,2089000,197,197,Expansion,Henderson,3,197000,0,0,197000,47077,Region 4,['FJTAP']
"E & E Manufacturing of Tennessee, LLC",10/19/2016,23500000,123,123,Expansion,McMinn,3,188800,0,0,188800,47107,Region 2,['FJTAP']
Direct Coil Inc,12/21/2020,14400000,75,75,Recruitment,Lincoln,1,187500,0,0,187500,47103,Region 3,['FJTAP']
"Diversified Conveyors International, LLC",6/30/2018,500000,75,75,Expansion,Shelby,2,187500,0,0,187500,47157,Region 4,['FJTAP']
MDS Foods Inc,3/14/2023,8920000,75,75,Expansion,Coffee,2,187500,0,0,187500,47031,Region 2,['FJTAP']
Delta Faucet Company of Tennessee,5/31/2021,2185393,62,62,Expansion,Madison,2,186000,0,0,186000,47113,Region 4,['FJTAP']
Rockford Spring Company,6/15/2022,10295000,62,62,Recruitment,Marshall,2,186000,0,0,186000,47117,Region 3,['FJTAP']
Allied Metal Company,1/31/2022,14355000,61,61,Expansion,Hamilton,1,183000,0,0,183000,47065,Region 2,['FJTAP']
"Blickman Industries, LLC",7/13/2023,2700000,48,48,Recruitment,Lawrence,3,180000,0,0,180000,47099,Region 3,['FJTAP']
"Delek US Holdings, Inc.",6/30/2016,6250000,180,180,Expansion,Williamson,1,180000,0,0,180000,47187,Region 3,['FJTAP']
"Forrester Research, Inc.",1/25/2017,2800000,98,120,Recruitment,Davidson,1,180000,0,0,180000,47037,Region 3,['FJTAP']
Rugged American Spirits,7/18/2022,20317936,45,45,New Startup,Sullivan,2,0,0,180000,180000,47163,Region 1,['ED']
Tennessee Tool and Fixture,6/1/2017,6500000,31,60,Recruitment,Coffee,2,180000,0,0,180000,47031,Region 2,['FJTAP']
"Tate Ornamental, Inc.",6/19/2018,5000000,50,50,Expansion New Location,Robertson,1,7500,170000,0,177500,47147,Region 3,"['FJTAP', 'FIDP']"
Cabinets to Go,8/4/2016,9000000,88,88,Recruitment,Lawrence,3,176000,0,0,176000,47099,Region 3,['FJTAP']
DOT Foods,12/31/2016,4078000,56,117,Expansion,Dyer,2,175500,0,0,175500,47045,Region 4,['FJTAP']
Cumberland Pharmaceuticals Inc.,6/30/2022,6092527,15,15,Expansion New Location,Davidson,1,0,0,175000,175000,47037,Region 3,['ED']
"Delek US Holdings, Inc.",1/25/2018,4000000,175,175,Expansion,Williamson,1,175000,0,0,175000,47187,Region 3,['FJTAP']
Hunter Fan Company,10/31/2022,5306320,35,35,Expansion,Rutherford,1,175000,0,0,175000,47149,Region 3,['FJTAP']
"Old South Wood Preserving, LLC",12/20/2021,8290390,35,35,New Startup,Lawrence,3,175000,0,0,175000,47099,Region 3,['FJTAP']
The Robinette Company,2/9/2023,10300000,70,70,Expansion New Location,Sullivan,2,175000,0,0,175000,47163,Region 1,['FJTAP']
"Varsity Spirit, LLC",9/9/2020,10800000,25,25,Expansion New Location,Shelby,2,0,0,175000,175000,47157,Region 4,['ED']
Woods Air Movement,1/7/2021,3630000,27,27,Recruitment,Rutherford,1,0,0,175000,175000,47149,Region 3,['ED']
"Miller Industries Towing Equipment, Inc.",11/8/2018,32750000,174,174,Expansion,Hamilton,1,174000,0,0,174000,47065,Region 2,['FJTAP']
"OMNICOMMANDER, Inc",5/16/2023,1340000,58,58,Expansion,Williamson,1,174000,0,0,174000,47187,Region 3,['FJTAP']
"ReNew Biomedical Services, LLC",10/28/2020,1000000,43,43,Expansion,Madison,2,172000,0,0,172000,47113,Region 4,['FJTAP']
Scapa Tapes North America LLC,3/22/2018,40058739,50,85,Expansion New Location,Knox,1,170000,0,0,170000,47093,Region 1,['FJTAP']
"General Machine and Tool Company, Inc.",12/13/2022,3750000,25,25,Expansion,Carter,4,168750,0,0,168750,47019,Region 1,['FJTAP']
"Agrana Fruit US, Inc.",12/31/2023,8749000,33,33,Expansion,Hickman,2,165000,0,0,165000,47081,Region 3,['FJTAP']
"Brazilian Professionals, LLC",12/22/2022,6105000,110,110,Recruitment,Maury,1,165000,0,0,165000,47119,Region 3,['FJTAP']
"GS Performance, LLC",10/29/2020,6983847,110,110,Recruitment,Davidson,1,165000,0,0,165000,47037,Region 3,['FJTAP']
"LeSaint Logistics, LLC",1/31/2020,6924769,165,129,Expansion New Location,Shelby,2,165000,0,0,165000,47157,Region 4,['FJTAP']
Tractor Supply Company,6/30/2017,59100000,163,163,Expansion,Williamson,1,163000,0,0,163000,47187,Region 3,['FJTAP']
TE Connectivity,8/20/2019,15650000,81,100,Expansion,Coffee,2,162000,0,0,162000,47031,Region 2,['FJTAP']
Workwear Outfitters,9/13/2019,0,162,162,Expansion,Lauderdale,4,162000,0,0,162000,47097,Region 4,['FJTAP']
"Zeus Industrial Products, Inc.",10/9/2019,11250000,54,54,Expansion,Hamilton,1,162000,0,0,162000,47065,Region 2,['FJTAP']
"Tri-Matic Spring, Inc.",11/3/2017,712000,20,20,Expansion,Hardin,3,0,0,160000,160000,47071,Region 4,['ED']
"Bates Rubber, Inc.",5/31/2018,1333599,159,159,Expansion,Perry,4,159000,0,0,159000,47135,Region 3,['FJTAP']
"Marque of Brands Americas, LLC",9/30/2021,1350000,0,79,Expansion,DeKalb,3,158000,0,0,158000,47041,Region 2,['FJTAP']
Adient US LLC,1/31/2024,4400000,62,62,Expansion,Rutherford,1,155000,0,0,155000,47149,Region 3,['FJTAP']
"BMT Manufacturing, LLC",1/31/2017,610000,31,31,New Startup,Campbell,4,0,0,155000,155000,47013,Region 1,['ED']
Techni - Glass Corporation,8/31/2017,1525000,54,54,Expansion,Hawkins,4,54000,0,100000,154000,47073,Region 1,"['FJTAP', 'ED']"
"Prysmian Cables and Systems USA, LLC",6/10/2016,3720700,51,51,Expansion,Madison,2,153000,0,0,153000,47113,Region 4,['FJTAP']
Veracity Medical Solutions LLC,12/31/2017,568200,43,43,Expansion,Shelby,2,150500,0,0,150500,47157,Region 4,['FJTAP']
Astec Industries Inc,5/31/2016,21791000,254,254,Expansion,Hamilton,1,150000,0,0,150000,47065,Region 2,['FJTAP']
"Bioventus, LLC",11/18/2021,9125000,40,40,Expansion New Location,Shelby,2,150000,0,0,150000,47157,Region 4,['FJTAP']
Coil Design Corporation,5/14/2018,3433000,0,70,New Startup,Rhea,4,150000,0,0,150000,47143,Region 2,['FJTAP']
"Engineered Medical Systems, LLC",5/18/2018,10500000,40,40,Expansion,Shelby,2,150000,0,0,150000,47157,Region 4,['FJTAP']
Five Star Custom Foods,11/16/2017,146000000,138,138,Expansion New Location,Davidson,1,150000,0,0,150000,47037,Region 3,['FJTAP']
"Haven Steel Products, Inc.",12/21/2023,6546126,19,19,Expansion,Henry,3,0,0,150000,150000,47079,Region 4,['ED']
Imperial Industrial Supply Company,5/31/2021,6600000,50,50,Recruitment,Shelby,2,150000,0,0,150000,47157,Region 4,['FJTAP']
"Jarden Zinc Products, LLC",10/16/2017,51850000,30,30,Expansion,Greene,3,150000,0,0,150000,47059,Region 1,['FJTAP']
"M & M Industries, Inc.",10/31/2017,44800000,110,110,Expansion,Hamilton,1,150000,0,0,150000,47065,Region 2,['FJTAP']
"Material Solutions, LLC",11/30/2017,975000,54,150,Recruitment,Shelby,2,150000,0,0,150000,47157,Region 4,['FJTAP']
"Xtend Healthcare, LLC",6/24/2019,1300000,0,200,Expansion,Sumner,1,150000,0,0,150000,47165,Region 3,['FJTAP']
Zline Kitchen and Bath LLC,1/18/2023,1790000,50,50,Expansion New Location,Gibson,2,0,0,150000,150000,47053,Region 4,['ED']
National Pen Corporation,4/30/2018,10170000,0,214,Expansion,Bedford,2,149800,0,0,149800,47003,Region 3,['FJTAP']
Colorobbia,8/31/2016,3420000,29,29,Recruitment,Putnam,2,0,0,149000,149000,47141,Region 2,['ED']
Gateway Packaging,8/1/2017,13256982,96,148,Recruitment,Robertson,1,148000,0,0,148000,47147,Region 3,['FJTAP']
Simpson Strong-Tie,10/30/2023,110000000,37,37,Expansion New Location,Sumner,1,148000,0,0,148000,47165,Region 3,['FJTAP']
"Steam Logistics, LLC",10/19/2021,6836000,148,403,Expansion,Hamilton,1,148000,0,0,148000,47065,Region 2,['FJTAP']
Lightning Source LLC,6/28/2019,22007038,146,146,Expansion New Location,Madison,2,146000,0,0,146000,47113,Region 4,['FJTAP']
"Diversified Conveyors, Inc.",8/31/2017,500000,58,58,Expansion,Shelby,2,145000,0,0,145000,47157,Region 4,['FJTAP']
"Parker Hannifin Corp, Copper Products Div",5/31/2022,2163000,36,36,Expansion,Weakley,3,0,0,145000,145000,47183,Region 4,['ED']
"FreightWise, LLC",12/18/2023,2082500,48,48,Expansion,Williamson,1,144000,0,0,144000,47187,Region 3,['FJTAP']
"Heat Company, Inc.",1/31/2023,2428000,48,48,Recruitment,Greene,3,144000,0,0,144000,47059,Region 1,['FJTAP']
HomeServe USA Corp.,5/9/2017,5500000,192,192,Expansion,Hamilton,1,144000,0,0,144000,47065,Region 2,['FJTAP']
"WS Packaging Group, Inc.",1/31/2020,9000000,95,95,Expansion,Knox,1,142500,0,0,142500,47093,Region 1,['FJTAP']
Leadec Industrial Services,5/31/2017,5100000,0,140,Expansion,Maury,1,140000,0,0,140000,47119,Region 3,['FJTAP']
Steel Technologies,3/30/2016,18825350,70,70,Expansion New Location,Rutherford,1,140000,0,0,140000,47149,Region 3,['FJTAP']
"Sunland Logistics Solutions, Inc",12/31/2022,650000,76,76,Expansion,Gibson,2,136800,0,0,136800,47053,Region 4,['FJTAP']
"FPMCM,LLC",6/6/2017,1338500,70,70,Expansion New Location,Wayne,4,105000,31395,0,136395,47181,Region 3,"['FJTAP', 'FIDP']"
"Parthenon Tube, Inc.",2/28/2021,975000,136,136,Recruitment,Rutherford,1,136000,0,0,136000,47149,Region 3,['FJTAP']
NomNomNow,11/14/2018,1725000,181,181,Recruitment,Davidson,1,135750,0,0,135750,47037,Region 3,['FJTAP']
"Harrow, Inc.",6/18/2019,524000,27,27,Recruitment,Davidson,1,135000,0,0,135000,47037,Region 3,['FJTAP']
"JDS Technologies, Inc.",3/12/2018,2180000,79,108,Expansion New Location,Scott,4,135000,0,0,135000,47151,Region 1,['FJTAP']
Pace Industries,9/30/2017,10555000,0,68,Expansion,Madison,2,135000,0,0,135000,47113,Region 4,['FJTAP']
Plastic Products Company,7/7/2016,1325189,35,35,Expansion,Weakley,3,10000,0,125000,135000,47183,Region 4,"['FJTAP', 'ED']"
Lending Solutions Incorporated,5/3/2021,2000852,265,265,Recruitment,Knox,1,132500,0,0,132500,47093,Region 1,['FJTAP']
"Medacta, USA",5/20/2019,2510000,44,70,Recruitment,Williamson,1,132000,0,0,132000,47187,Region 3,['FJTAP']
"Mynexus, Inc",12/16/2016,972000,257,260,Expansion,Williamson,1,130000,0,0,130000,47187,Region 3,['FJTAP']
"Aero Build, LLC",9/7/2023,861000,43,43,Expansion,Davidson,1,129000,0,0,129000,47037,Region 3,['FJTAP']
"Seymour of Sycamore, Inc",11/30/2021,6596000,0,43,Recruitment,Marshall,2,129000,0,0,129000,47117,Region 3,['FJTAP']
Barrett Distributions Ctr Llc,9/30/2017,4000000,68,125,Expansion New Location,Shelby,2,125000,0,0,125000,47157,Region 4,['FJTAP']
C&S Plastics LLC,5/31/2021,2873600,25,25,Expansion,Lincoln,1,0,0,125000,125000,47103,Region 3,['ED']
"Dynamix Casting Fluxes, LLC",3/9/2020,4688000,25,25,New Startup,Carroll,4,0,0,125000,125000,47017,Region 4,['ED']
"Five Star Food Service, Inc.",5/18/2022,7500000,25,25,Expansion New Location,Hamilton,1,125000,0,0,125000,47065,Region 2,['FJTAP']
"H.C.A.S. of Florida, Inc.",7/31/2018,1250000,0,250,Expansion,Maury,1,125000,0,0,125000,47119,Region 3,['FJTAP']
RedDOT Corporation,8/8/2023,18298811,50,50,Expansion New Location,Shelby,2,125000,0,0,125000,47157,Region 4,['FJTAP']
"Standard Aero Alliance, Inc.",6/12/2018,5000000,67,67,Expansion,Blount,1,125000,0,0,125000,47009,Region 1,['FJTAP']
"Mueller Refrigeration, LLC",9/30/2016,1331848,28,28,Expansion,Trousdale,2,28000,96320,0,124320,47169,Region 3,"['FJTAP', 'FIDP']"
A.O. Smith Corporation - APCOM,1/31/2023,12307000,31,31,Expansion,Williamson,1,124000,0,0,124000,47187,Region 3,['FJTAP']
Ultra Safe Nuclear Corporation,3/2/2022,12936439,31,31,Expansion,Roane,2,124000,0,0,124000,47145,Region 1,['FJTAP']
Home Shopping Network,2/28/2017,9645555,165,165,Expansion,Sullivan,2,123750,0,0,123750,47163,Region 1,['FJTAP']
HCTec,9/10/2019,516560,43,123,Expansion,Lewis,4,123000,0,0,123000,47101,Region 3,['FJTAP']
Topre America Corporation,4/26/2017,38170000,0,35,Expansion,Rutherford,1,122500,0,0,122500,47149,Region 3,['FJTAP']
"Steamboat Transportation Group, LLC",4/11/2023,2010628,61,61,Expansion New Location,Williamson,1,122000,0,0,122000,47187,Region 3,['FJTAP']
Reliance Partners LLC,11/16/2020,1380557,121,121,Expansion,Hamilton,1,121000,0,0,121000,47065,Region 2,['FJTAP']
Anatolia Granite and Marble Corp,11/30/2021,567387,40,40,Expansion New Location,Putnam,2,120000,0,0,120000,47141,Region 2,['FJTAP']
Banyan Global Technologies,2/28/2022,3800000,60,60,Expansion,Knox,1,120000,0,0,120000,47093,Region 1,['FJTAP']
"Empyrean Benefit Solutions, Inc.",5/3/2016,2900000,57,120,Recruitment,Rutherford,1,120000,0,0,120000,47149,Region 3,['FJTAP']
Leclerc Foods Tennessee LLC,4/27/2023,3404000,48,48,Expansion,Sullivan,2,120000,0,0,120000,47163,Region 1,['FJTAP']
"Magnum Manufacturing, Inc.",11/13/2017,2000000,48,48,Expansion,Houston,4,0,0,120000,120000,47083,Region 3,['ED']
"Mueller Company, LTD",7/17/2018,27383501,96,96,Expansion,Hamilton,1,120000,0,0,120000,47065,Region 2,['FJTAP']
Parker Hannifin Corporation,8/31/2017,33000000,34,60,Expansion,Greene,3,120000,0,0,120000,47059,Region 1,['FJTAP']
"Permanent General Companies, Inc.",1/31/2016,1734170,29,276,Expansion,Davidson,1,120000,0,0,120000,47037,Region 3,['FJTAP']
R & L Carriers Inc,10/31/2020,18490000,40,40,Expansion,Shelby,2,120000,0,0,120000,47157,Region 4,['FJTAP']
Cooper Standard Automotive,7/13/2017,975000,118,118,Expansion,Hawkins,4,118000,0,0,118000,47073,Region 1,['FJTAP']
Runyon Industries Inc,4/30/2016,1500000,40,78,Expansion,Shelby,2,117000,0,0,117000,47157,Region 4,['FJTAP']
Clayton Supply,1/31/2021,9123000,46,46,Expansion,Hamblen,3,115000,0,0,115000,47063,Region 1,['FJTAP']
"CoLinx, Llc",2/28/2018,601900,33,33,Expansion,Cumberland,3,115000,0,0,115000,47035,Region 2,['FJTAP']
"Americolor, LLC",12/7/2020,5550000,57,57,Expansion,Trousdale,2,114000,0,0,114000,47169,Region 3,['FJTAP']
"Cubic Transportation Systems, Inc.",4/30/2019,3950000,0,75,Expansion,Coffee,2,112500,0,0,112500,47031,Region 2,['FJTAP']
Hyla Mobile,6/28/2017,886000,225,225,New Startup,Rutherford,1,112500,0,0,112500,47149,Region 3,['FJTAP']
"James R. Glidewell Dental Ceramics, Inc.",3/31/2021,1350000,225,225,Recruitment,Shelby,2,112500,0,0,112500,47157,Region 4,['FJTAP']
Franke Food Systems America,2/25/2021,1357625,56,56,Expansion,Lincoln,1,112000,0,0,112000,47103,Region 3,['FJTAP']
"Rocore Knoxville, LLC",9/15/2021,3800000,74,74,Expansion,Knox,1,111000,0,0,111000,47093,Region 1,['FJTAP']
Copperweld Bimetallics LLC,2/28/2021,11000000,44,44,Expansion,Lincoln,1,110000,0,0,110000,47103,Region 3,['FJTAP']
Lightning Source LLC,6/30/2022,10000000,110,110,Expansion,Madison,2,110000,0,0,110000,47113,Region 4,['FJTAP']
"Clear Image, Inc.",1/31/2022,550000,36,36,Expansion New Location,Shelby,2,108000,0,0,108000,47157,Region 4,['FJTAP']
Dana Incorporated,4/30/2016,4600000,108,108,Expansion,Henry,3,108000,0,0,108000,47079,Region 4,['FJTAP']
"RevSpring, Inc.",8/31/2020,2400000,27,27,Expansion,Davidson,1,108000,0,0,108000,47037,Region 3,['FJTAP']
"Ebuys, Inc. - Tennessee",9/28/2016,8010000,0,163,Expansion,Rutherford,1,105950,0,0,105950,47149,Region 3,['FJTAP']
"Southern Industrial Mechanical Maintenance Company II, LLC",1/31/2023,1635000,78,78,Expansion New Location,Haywood,4,105300,0,0,105300,47075,Region 4,['FJTAP']
Deere & Company,11/30/2017,8000000,77,105,Expansion,Greene,3,105000,0,0,105000,47059,Region 1,['FJTAP']
"Prysmian Cables and Systems USA, LLC",5/16/2022,30000000,35,35,Expansion,Madison,2,105000,0,0,105000,47113,Region 4,['FJTAP']
"DePre, LLC",9/22/2023,10342516,26,26,New Startup,Knox,1,104000,0,0,104000,47093,Region 1,['FJTAP']
"Military Systems Group, Inc.",1/8/2019,9090000,15,69,Expansion,Davidson,1,103500,0,0,103500,47037,Region 3,['FJTAP']
Microporous,5/4/2018,25000000,37,36,Expansion,Sullivan,2,102000,0,0,102000,47163,Region 1,['FJTAP']
Anita's Snack Foods Corp.,7/31/2018,3625000,96,101,Expansion,Sullivan,2,101000,0,0,101000,47163,Region 1,['FJTAP']
A.O. Smith Corporation - APCOM,1/31/2023,3569500,25,25,Expansion,Putnam,2,100000,0,0,100000,47141,Region 2,['FJTAP']
"Alfresco Pasta, LLC",3/1/2022,3859341,35,35,Expansion New Location,Crockett,2,0,0,100000,100000,47033,Region 4,['ED']
Applied Gratitude Inc.,3/2/2020,500000,50,50,Recruitment,Williamson,1,100000,0,0,100000,47187,Region 3,['FJTAP']
CodeScience,2/29/2016,0,54,54,Expansion New Location,Hamilton,1,100000,0,0,100000,47065,Region 2,['FJTAP']
"EnableComp, LLC",8/9/2019,987500,200,200,Expansion New Location,Coffee,2,100000,0,0,100000,47031,Region 2,['FJTAP']
Escue Wood Treated Products LLC,12/29/2017,3318754,0,100,Expansion,Gibson,2,100000,0,0,100000,47053,Region 4,['FJTAP']
Fleetwood Homes Inc,1/31/2021,800000,50,50,Expansion,Macon,3,100000,0,0,100000,47111,Region 3,['FJTAP']
"Gutterglove, Inc",11/29/2021,720800,20,20,Expansion New Location,Williamson,1,100000,0,0,100000,47187,Region 3,['FJTAP']
"Oldcastle APG South, Inc.",8/4/2021,10250000,45,45,Expansion,Montgomery,1,100000,0,0,100000,47125,Region 3,['FJTAP']
Pace Industries,1/31/2023,2884464,49,49,Expansion,Madison,2,100000,0,0,100000,47113,Region 4,['FJTAP']
"Phoenix Closures, Inc.",3/31/2017,11445000,25,25,Expansion,Cocke,4,100000,0,0,100000,47029,Region 1,['FJTAP']
"Titan Display and Packaging, LLC",9/30/2020,9310000,48,48,New Startup,Greene,3,100000,0,0,100000,47059,Region 1,['FJTAP']
Vaco Nashville LLC,8/31/2017,3240000,30,30,Expansion New Location,Williamson,1,100000,0,0,100000,47187,Region 3,['FJTAP']
"Worldwide PKG, LLC",2/28/2023,891500,100,100,Expansion New Location,Shelby,2,100000,0,0,100000,47157,Region 4,['FJTAP']
"Zanini Tennessee, Inc.",6/2/2016,3770000,35,74,Expansion,Franklin,2,100000,0,0,100000,47051,Region 2,['FJTAP']
"Mills Supply Co., Inc.",7/31/2023,8691000,26,26,Recruitment,Davidson,1,99996,0,0,99996,47037,Region 3,['FJTAP']
"Heartland Water Technology, Inc.",2/28/2023,2968000,31,31,Recruitment,Rutherford,1,99200,0,0,99200,47149,Region 3,['FJTAP']
TBDN Tennessee Company,2/28/2019,49962500,31,59,Expansion,Madison,2,98530,0,0,98530,47113,Region 4,['FJTAP']
"Owens Corning Composite Materials, LLC",2/28/2022,43000000,17,17,Expansion,Madison,2,97750,0,0,97750,47113,Region 4,['FJTAP']
Parker Hannifin Corporation,8/31/2021,6000000,39,39,Expansion,Overton,3,97500,0,0,97500,47133,Region 2,['FJTAP']
Exel Inc. DBA DHL Supply Chain,8/31/2019,3511343,97,97,Expansion New Location,Shelby,2,97000,0,0,97000,47157,Region 4,['FJTAP']
"TruForm Manufacturing, Inc.",11/9/2018,13969546,24,87,Expansion,Dickson,1,95700,0,0,95700,47043,Region 3,['FJTAP']
"ThyssenKrupp Elevator Manufacturing, Inc.",10/31/2016,4082539,158,82,Expansion,Hardeman,4,94800,0,0,94800,47069,Region 4,['FJTAP']
Sonoco Products,6/30/2019,13097257,47,47,Expansion,Madison,2,94000,0,0,94000,47113,Region 4,['FJTAP']
Kordsa Inc.,10/31/2017,10000000,0,46,Expansion,Hamilton,1,92000,0,0,92000,47065,Region 2,['FJTAP']
"Simple Logistics Solutions, LLC",6/9/2021,711800,92,92,New Startup,Davidson,1,92000,0,0,92000,47037,Region 3,['FJTAP']
"Robinson Manufacturing Company, Inc.",4/27/2021,20000000,91,91,Expansion New Location,Rhea,4,91000,0,0,91000,47143,Region 2,['FJTAP']
Adient US LLC,4/30/2019,12350000,90,90,Expansion,Maury,1,90000,0,0,90000,47119,Region 3,['FJTAP']
Dream CSX,4/30/2018,1645000,0,178,New Startup,Blount,1,90000,0,0,90000,47009,Region 1,['FJTAP']
"KTG USA, Inc.",6/30/2021,25000000,30,30,Expansion,Shelby,2,90000,0,0,90000,47157,Region 4,['FJTAP']
Lewisburg Printing LLC,6/27/2016,12000000,90,90,Expansion,Marshall,2,90000,0,0,90000,47117,Region 3,['FJTAP']
Quality Metal Stamping LLC,7/31/2023,5000000,30,30,Expansion,Chester,3,90000,0,0,90000,47023,Region 4,['FJTAP']
"Red Collar Pet Foods, Inc.",7/29/2019,3650000,7,30,Expansion,Williamson,1,90000,0,0,90000,47187,Region 3,['FJTAP']
Kinspar LLC,3/31/2022,951000,22,22,Recruitment,McNairy,4,89100,0,0,89100,47109,Region 4,['FJTAP']
Black Rifle Coffee Company LLC,5/21/2018,6050125,52,52,Recruitment,Coffee,2,88000,0,0,88000,47031,Region 2,['FJTAP']
Branch Technology LLC,3/31/2016,25303068,56,80,Recruitment,Hamilton,1,88000,0,0,88000,47065,Region 2,['FJTAP']
"ICON US Holdings, Inc.",1/19/2021,2000000,85,85,Expansion,Davidson,1,85000,0,0,85000,47037,Region 3,['FJTAP']
Landair Transport Inc,5/31/2017,42824000,210,210,Expansion,Greene,3,84000,0,0,84000,47059,Region 1,['FJTAP']
"Primex Color, Compounding & Additives Corporation",5/11/2023,5400000,28,28,Expansion,Marion,3,84000,0,0,84000,47115,Region 2,['FJTAP']
Loews Corporation,3/31/2016,762611,64,64,Expansion,Davidson,1,83200,0,0,83200,47037,Region 3,['FJTAP']
"The Farmer's Dog, Inc",2/29/2020,970000,332,332,Expansion New Location,Davidson,1,83000,0,0,83000,47037,Region 3,['FJTAP']
"Patterson Warehouses, Inc .",11/30/2019,25600000,41,41,Expansion New Location,Shelby,2,82000,0,0,82000,47157,Region 4,['FJTAP']
"Frito-Lay, Inc.",4/30/2018,50975000,40,40,Expansion,Lincoln,1,80000,0,0,80000,47103,Region 3,['FJTAP']
Schnellecke Logistics USA,3/31/2016,0,200,50,Expansion,Hamilton,1,80000,0,0,80000,47065,Region 2,['FJTAP']
"Valeo North America, Inc.",6/28/2017,25127399,76,80,Expansion,Rutherford,1,80000,0,0,80000,47149,Region 3,['FJTAP']
CloudOne,3/11/2020,2132893,318,318,Recruitment,Davidson,1,79500,0,0,79500,47037,Region 3,['FJTAP']
Wilson Lumber Company,11/30/2018,4550000,0,79,Recruitment,Sumner,1,79000,0,0,79000,47165,Region 3,['FJTAP']
"Jet It, LLC",11/30/2021,2125024,7,39,Expansion New Location,Shelby,2,78000,0,0,78000,47157,Region 4,['FJTAP']
Excel Inc. d/b/a DHL Supply Chain (USA),3/31/2022,7076368,76,76,Expansion New Location,Shelby,2,76000,0,0,76000,47157,Region 4,['FJTAP']
"Mirion Technologies, Inc.",7/31/2021,8820000,76,76,Expansion,Anderson,2,76000,0,0,76000,47001,Region 1,['FJTAP']
"TruForm Manufacturing, Inc.",8/31/2016,10010000,76,76,Expansion,Dickson,1,76000,0,0,76000,47043,Region 3,['FJTAP']
"Toyo Seat, USA",1/31/2019,2301000,26,26,Expansion,Grundy,4,75608,0,0,75608,47061,Region 2,['FJTAP']
"Fraley and Schilling, Inc. and RLK Properties, LLC",11/17/2020,2400000,50,50,Expansion,Knox,1,75000,0,0,75000,47093,Region 1,['FJTAP']
"Hope Industries, Inc.",4/30/2017,1155200,32,32,Expansion,Monroe,3,0,0,75000,75000,47123,Region 1,['ED']
Profile Inc.,10/13/2020,2500000,23,23,Expansion,Henry,3,0,0,75000,75000,47079,Region 4,['ED']
GCP Applied Technologies,5/22/2017,11000000,0,29,Expansion,Maury,1,74000,0,0,74000,47119,Region 3,['FJTAP']
"Primex Color, Compounding & Additives Corporation",3/31/2016,2500000,29,29,Expansion,Marion,3,72500,0,0,72500,47115,Region 2,['FJTAP']
Teknor Apex Tennessee Company,3/31/2016,908000,72,72,Expansion,Haywood,4,72000,0,0,72000,47075,Region 4,['FJTAP']
American Greetings Corporation,8/31/2018,643064,35,50,Expansion,Lauderdale,4,70000,0,0,70000,47097,Region 4,['FJTAP']
Aldelano Solar Cold Chain Solutions Inc.,8/26/2016,1500000,0,68,New Startup,Madison,2,68000,0,0,68000,47113,Region 4,['FJTAP']
AutomationNth,10/31/2018,3405000,34,34,Expansion New Location,Rutherford,1,68000,0,0,68000,47149,Region 3,['FJTAP']
"Newport Springs Bottling, LLC",1/31/2021,11800000,27,34,Recruitment,Cocke,4,68000,0,0,68000,47029,Region 1,['FJTAP']
AeroWall Dynamics,9/12/2016,508607,0,36,New Startup,Williamson,1,67300,0,0,67300,47187,Region 3,['FJTAP']
Engineered Spray Components LLC,5/17/2018,677000,22,22,Expansion,Henderson,3,0,66000,0,66000,47077,Region 4,['FIDP']
"VF Imagewear, Inc.",9/13/2019,5715000,66,66,Expansion New Location,Tipton,2,66000,0,0,66000,47167,Region 4,['FJTAP']
"Natureplex,LLC",7/31/2020,3731093,131,131,Expansion New Location,Shelby,2,65500,0,0,65500,47157,Region 4,['FJTAP']
PVS Plastics Technology Corp.,6/15/2023,6908000,26,26,Recruitment,Washington,1,65000,0,0,65000,47179,Region 1,['FJTAP']
"Total Source Packaging, Inc.",9/30/2016,1688400,18,18,Expansion,Monroe,3,14400,0,50220,64620,47123,Region 1,"['FJTAP', 'ED']"
"Delfasco, LLC",4/30/2018,7050000,0,128,Expansion,Greene,3,64000,0,0,64000,47059,Region 1,['FJTAP']
Integrity Express Logistics,2/28/2017,166000,29,64,Recruitment,Davidson,1,64000,0,0,64000,47037,Region 3,['FJTAP']
Pacific Manufacturing Tennessee,8/31/2020,15000000,125,125,Expansion,Madison,2,62500,0,0,62500,47113,Region 4,['FJTAP']
Pennant Moldings,6/12/2017,8610000,62,62,Recruitment,Wilson,1,62000,0,0,62000,47189,Region 3,['FJTAP']
Roadtec Inc,5/31/2016,4300000,71,71,Expansion,Hamilton,1,62000,0,0,62000,47065,Region 2,['FJTAP']
"Shades Unlimited, Inc",1/31/2021,1611000,61,61,Recruitment,Knox,1,61000,0,0,61000,47093,Region 1,['FJTAP']
American Wonder Porcelain,11/30/2018,16500000,30,30,Expansion,Wilson,1,60000,0,0,60000,47189,Region 3,['FJTAP']
Christian Brands Inc.,7/24/2019,3020000,0,60,Expansion,Marshall,2,60000,0,0,60000,47117,Region 3,['FJTAP']
"Covenant Transport Group, Inc.",3/31/2016,5543000,30,30,Expansion,Hamilton,1,60000,0,0,60000,47065,Region 2,['FJTAP']
Delta Faucet Company of Tennessee,4/30/2018,0,60,60,Expansion,Madison,2,60000,0,0,60000,47113,Region 4,['FJTAP']
Ferrari Stampi Usa Inc,10/27/2022,1395332,30,30,Expansion,Montgomery,1,60000,0,0,60000,47125,Region 3,['FJTAP']
Sumitomo Electric Wiring Systems Inc.,4/30/2020,1800000,80,80,Expansion,Rutherford,1,60000,0,0,60000,47149,Region 3,['FJTAP']
WS Packaging,1/31/2020,8561000,40,40,Expansion,Montgomery,1,60000,0,0,60000,47125,Region 3,['FJTAP']
"Good Sportsman Marketing, LLC",8/13/2019,1179246,48,48,Recruitment,Decatur,4,57600,0,0,57600,47039,Region 4,['FJTAP']
"Rocore Knoxville, LLC",4/24/2019,7000000,57,57,Expansion,Knox,1,57000,0,0,57000,47093,Region 1,['FJTAP']
Edgecroft LLC,12/31/2023,1075000,28,28,Recruitment,Hickman,2,56000,0,0,56000,47081,Region 3,['FJTAP']
"Petsense, LLC",12/31/2018,20400000,11,37,Recruitment,Williamson,1,55500,0,0,55500,47187,Region 3,['FJTAP']
DanFoss Power Solutions,10/31/2017,765000,32,46,Expansion,Dyer,2,55200,0,0,55200,47045,Region 4,['FJTAP']
"Ryder Integrated Logistics, Inc.",11/30/2016,0,0,109,Expansion,Madison,2,54500,0,0,54500,47113,Region 4,['FJTAP']
AerSale Inc.,7/31/2023,5450000,54,54,Expansion,Shelby,2,54000,0,0,54000,47157,Region 4,['FJTAP']
"Athena-SCE, Inc.",8/8/2019,3010000,36,36,Expansion New Location,Maury,1,54000,0,0,54000,47119,Region 3,['FJTAP']
Monogram Assembled Foods LLC,8/31/2016,500000,42,75,Expansion,Shelby,2,52500,0,0,52500,47157,Region 4,['FJTAP']
"Smalticeram USA, Inc.",5/4/2018,4060000,8,26,Recruitment,Maury,1,52000,0,0,52000,47119,Region 3,['FJTAP']
"Symbion, Inc.",12/31/2017,11050000,26,26,Expansion,Davidson,1,52000,0,0,52000,47037,Region 3,['FJTAP']
Seeking Health LLC,9/30/2022,3043551,15,15,Recruitment,Wayne,4,51435,0,0,51435,47181,Region 3,['FJTAP']
"Grab the Gold, Inc.",6/30/2022,400000,17,17,Expansion,Williamson,1,51000,0,0,51000,47187,Region 3,['FJTAP']
TBDN Tennessee Company,9/30/2017,15000000,30,30,Expansion,Madison,2,50100,0,0,50100,47113,Region 4,['FJTAP']
Altar'd State,6/30/2017,4057000,44,44,Expansion New Location,Blount,1,50000,0,0,50000,47009,Region 1,['FJTAP']
Concord Music Group,4/4/2017,2291000,33,33,Expansion,Davidson,1,50000,0,0,50000,47037,Region 3,['FJTAP']
Franklin Sports Distribution Center,6/30/2018,1500000,27,50,Expansion,Shelby,2,50000,0,0,50000,47157,Region 4,['FJTAP']
GSM Engineered Fabrics,2/29/2020,2465000,25,25,Expansion New Location,Sullivan,2,50000,0,0,50000,47163,Region 1,['FJTAP']
Koorsen Fire & Security,4/30/2018,4000000,35,35,Expansion,Davidson,1,50000,0,0,50000,47037,Region 3,['FJTAP']
Orchids Paper Products,3/7/2017,500000,0,25,Expansion New Location,Williamson,1,50000,0,0,50000,47187,Region 3,['FJTAP']
"ProFab TN, LLC",6/30/2021,604500,15,15,Expansion New Location,McNairy,4,47685,0,0,47685,47109,Region 4,['FJTAP']
Integrity Injection Molding Inc,2/22/2019,5000000,44,47,New Startup,Giles,2,47000,0,0,47000,47055,Region 3,['FJTAP']
Novus Advanced Manufacturing LLC,4/25/2016,1950000,19,47,Expansion New Location,Lawrence,3,47000,0,0,47000,47099,Region 3,['FJTAP']
Wonton Food Corporation,12/31/2016,21680000,61,94,Expansion,Davidson,1,47000,0,0,47000,47037,Region 3,['FJTAP']
"Falcon Plastics, Inc.",9/30/2017,2000000,34,39,Expansion,Henderson,3,46800,0,0,46800,47077,Region 4,['FJTAP']
"Metro Services, Inc.",3/31/2016,600000,20,31,Expansion,Hamilton,1,46500,0,0,46500,47065,Region 2,['FJTAP']
U.S. Farathane Corporation,3/31/2020,2040000,93,93,Expansion,Madison,2,46500,0,0,46500,47113,Region 4,['FJTAP']
Hunter Fan Company,6/13/2016,1370000,0,46,Expansion New Location,Davidson,1,46000,0,0,46000,47037,Region 3,['FJTAP']
Rich Products Corporation,7/31/2017,5300000,46,46,Expansion,Hamblen,3,46000,0,0,46000,47063,Region 1,['FJTAP']
Dienamic Tooling Systems,11/30/2019,3042535,7,30,Expansion,Loudon,1,45000,0,0,45000,47105,Region 1,['FJTAP']
Quore,2/7/2019,758150,25,45,Expansion,Williamson,1,45000,0,0,45000,47187,Region 3,['FJTAP']
"Miller Industries Towing Equipment, Inc.",3/31/2016,13000000,59,59,Expansion,Hamilton,1,44250,0,0,44250,47065,Region 2,['FJTAP']
"ColorCoat, Inc.",4/10/2017,606500,50,80,Recruitment,Obion,3,44000,0,0,44000,47131,Region 4,['FJTAP']
Duro Bag Manufacturing Company,3/31/2019,3600000,29,29,Expansion,Madison,2,43500,0,0,43500,47113,Region 4,['FJTAP']
BR Metal Products,9/21/2020,182500,32,32,Expansion,Overton,3,43200,0,0,43200,47133,Region 2,['FJTAP']
"2615 Summer, LLC",9/30/2020,2025000,21,21,Expansion New Location,Shelby,2,42000,0,0,42000,47157,Region 4,['FJTAP']
Exel Inc.,11/30/2022,5246643,42,42,Expansion New Location,Shelby,2,42000,0,0,42000,47157,Region 4,['FJTAP']
"i3 Verticals, LLC",4/25/2018,500000,42,42,Expansion New Location,Rutherford,1,42000,0,0,42000,47149,Region 3,['FJTAP']
Jarrett Concrete Products & Supply Inc,6/30/2023,6200000,0,28,Expansion,Cheatham,1,42000,0,0,42000,47021,Region 3,['FJTAP']
Kimberly-Clark Corporation,5/1/2019,27000000,28,28,Expansion,Loudon,1,42000,0,0,42000,47105,Region 1,['FJTAP']
"Nashville CML, LLC",6/30/2017,3750000,32,42,Recruitment,Davidson,1,42000,0,0,42000,47037,Region 3,['FJTAP']
"National Industrial Concepts, Inc.",6/4/2021,2034296,28,28,Expansion,Sumner,1,42000,0,0,42000,47165,Region 3,['FJTAP']
Trinidad Benham,3/31/2017,13575866,15,28,Expansion New Location,Davidson,1,42000,0,0,42000,47037,Region 3,['FJTAP']
"Enexor Energy, LLC",7/8/2019,500000,41,41,Expansion,Williamson,1,41000,0,0,41000,47187,Region 3,['FJTAP']
Interstate Packaging Company,1/31/2016,4158580,41,41,Expansion,Dickson,1,41000,0,0,41000,47043,Region 3,['FJTAP']
Newberry Tanks,10/31/2021,2986500,25,25,Expansion New Location,Shelby,2,41000,0,0,41000,47157,Region 4,['FJTAP']
"Novita Technologies, Inc.",3/31/2017,5500000,0,41,Expansion,Sumner,1,41000,0,0,41000,47165,Region 3,['FJTAP']
"Southern Precision Machining, LLC",4/30/2019,4470000,7,45,Expansion,Bedford,2,40500,0,0,40500,47003,Region 3,['FJTAP']
"Quality Iron and Steel, LLC",4/26/2019,2792300,32,32,New Startup,McNairy,4,40000,0,0,40000,47109,Region 4,['FJTAP']
Stevison Ham Company,7/31/2017,5534374,40,40,Expansion,Sumner,1,40000,0,0,40000,47165,Region 3,['FJTAP']
Teknor Apex Tennessee Company,10/7/2020,7376148,20,20,Expansion,Haywood,4,40000,0,0,40000,47075,Region 4,['FJTAP']
Windsor Mold USA Inc.,12/10/2020,3500000,40,40,Expansion,Giles,2,40000,0,0,40000,47055,Region 3,['FJTAP']
"Tevet, LLC",5/31/2019,4260000,26,26,Expansion New Location,Greene,3,38350,0,0,38350,47059,Region 1,['FJTAP']
Premier Manufacturing Corporation,2/28/2018,931000,47,47,Expansion,Chester,3,37600,0,0,37600,47023,Region 4,['FJTAP']
"Newly Weds Foods, LLC",12/31/2017,3035000,32,32,Expansion,Bradley,2,37375,0,0,37375,47011,Region 2,['FJTAP']
"Dewayne's Quality Metal Coating, Inc.",10/31/2017,1575000,20,88,Expansion,Henderson,3,37054,0,0,37054,47077,Region 4,['FJTAP']
Wilson Sporting Goods Company,1/31/2019,1050000,37,37,Expansion,White,3,37000,0,0,37000,47185,Region 2,['FJTAP']
"Southern Precision Machining, LLC",3/10/2016,3845000,38,38,Expansion,Bedford,2,36900,0,0,36900,47003,Region 3,['FJTAP']
Pratt Industries (USA),8/31/2017,0,19,43,Expansion,Madison,2,36500,0,0,36500,47113,Region 4,['FJTAP']
Resolute Forest Products,10/31/2018,19346700,0,27,Expansion,McMinn,3,36450,0,0,36450,47107,Region 2,['FJTAP']
Pacific Western Sales,12/31/2016,3405000,21,43,Recruitment,Robertson,1,36400,0,0,36400,47147,Region 3,['FJTAP']
"Bobrick Washroom Equipment, Inc.",3/19/2019,9041560,25,25,Expansion,Madison,2,36000,0,0,36000,47113,Region 4,['FJTAP']
"Feintool, Inc.",5/31/2017,5600000,24,24,Expansion,Davidson,1,36000,0,0,36000,47037,Region 3,['FJTAP']
Micro Metals PM Inc.,4/30/2018,3300000,0,20,Expansion,Fentress,4,35680,0,0,35680,47049,Region 2,['FJTAP']
"Hubbell Lenoir City, Inc.",8/31/2016,4823000,50,258,Expansion,Loudon,1,0,35371,0,35371,47105,Region 1,['FIDP']
"Aesthetic Management Partners, Inc",5/31/2021,2000000,14,14,Recruitment,Shelby,2,35000,0,0,35000,47157,Region 4,['FJTAP']
TBDN Tennessee Company,7/21/2016,18800500,35,35,Expansion,Madison,2,35000,0,0,35000,47113,Region 4,['FJTAP']
Exel Inc. d/b/a DHL Supply Chain (USA),10/31/2020,31726873,34,34,Expansion New Location,Shelby,2,34000,0,0,34000,47157,Region 4,['FJTAP']
"MAG USA, Inc.",11/30/2017,600000,32,32,Expansion,Anderson,2,32000,0,0,32000,47001,Region 1,['FJTAP']
"Odyssey Medical, Inc.",12/31/2017,2267323,10,32,Expansion,Shelby,2,32000,0,0,32000,47157,Region 4,['FJTAP']
LEO Events,4/30/2018,500000,25,25,Expansion New Location,Shelby,2,31250,0,0,31250,47157,Region 4,['FJTAP']
Yachad LLC,9/26/2019,602000,31,31,Expansion,McNairy,4,31000,0,0,31000,47109,Region 4,['FJTAP']
Berry Global,1/31/2017,30140000,0,41,Expansion,Davidson,1,30750,0,0,30750,47037,Region 3,['FJTAP']
"Big Valley Air, LLC",3/15/2023,1411879,30,30,Expansion,Sequatchie,4,30000,0,0,30000,47153,Region 2,['FJTAP']
"Henderson Stamping & Production, Inc.",10/31/2018,750000,12,12,Expansion New Location,Chester,3,30000,0,0,30000,47023,Region 4,['FJTAP']
MIG Steel Services,2/27/2017,1500000,0,20,Expansion,Henderson,3,30000,0,0,30000,47077,Region 4,['FJTAP']
"USA Strength and Performance, LLC",11/30/2019,1670000,0,30,Expansion New Location,Monroe,3,30000,0,0,30000,47123,Region 1,['FJTAP']
Victory Supply LLC,4/30/2017,1089500,21,21,Recruitment,Maury,1,30000,0,0,30000,47119,Region 3,['FJTAP']
C.K.S. Packaging Inc.,10/31/2020,5515000,59,59,Expansion,Haywood,4,29500,0,0,29500,47075,Region 4,['FJTAP']
Grupo Antolin - Chattanooga,11/30/2017,94772,19,58,Recruitment,Hamilton,1,29000,0,0,29000,47065,Region 2,['FJTAP']
Gold River Feed Products,6/30/2017,4500000,0,48,Expansion,Bedford,2,28800,0,0,28800,47003,Region 3,['FJTAP']
"Dynametal Technologies, Inc.",1/31/2018,621000,7,19,Expansion,Haywood,4,28500,0,0,28500,47075,Region 4,['FJTAP']
Schlesinger Nashville,3/31/2018,50000,0,20,Expansion,Davidson,1,28000,0,0,28000,47037,Region 3,['FJTAP']
"SSW Premier, LLC",4/30/2021,2748177,28,28,Expansion New Location,Sumner,1,28000,0,0,28000,47165,Region 3,['FJTAP']
"Bavarian Polymers, USA, Inc.",1/26/2016,2700000,27,27,Expansion,Dickson,1,27000,0,0,27000,47043,Region 3,['FJTAP']
Pepper Palace,12/31/2017,1500000,36,36,Expansion,Sevier,2,27000,0,0,27000,47155,Region 1,['FJTAP']
Smelter Service Corporation,2/28/2018,9550000,20,27,Expansion,Maury,1,27000,0,0,27000,47119,Region 3,['FJTAP']
"Magnum Press, Inc.",2/28/2017,1020000,7,35,Expansion,McNairy,4,26250,0,0,26250,47109,Region 4,['FJTAP']
Atlantic Track & Turnout,5/31/2018,900000,26,26,Expansion,Shelby,2,26000,0,0,26000,47157,Region 4,['FJTAP']
"Double H Tennessee, LLC",10/23/2019,812000,26,26,Expansion,Hamblen,3,26000,0,0,26000,47063,Region 1,['FJTAP']
"Mountain Barn Builders, LLC",9/30/2018,1010000,15,26,Expansion,Fentress,4,26000,0,0,26000,47049,Region 2,['FJTAP']
Bath Fitter,5/17/2016,5137000,39,51,Expansion,Robertson,1,25500,0,0,25500,47147,Region 3,['FJTAP']
Bradford Company,2/18/2016,5070000,25,25,Expansion,Sumner,1,25000,0,0,25000,47165,Region 3,['FJTAP']
Foam Products Corporation,10/31/2018,500000,10,10,Expansion,Unicoi,3,25000,0,0,25000,47171,Region 1,['FJTAP']
Manitowoc Food Service Group,4/30/2016,753000,25,25,Expansion,Decatur,4,25000,0,0,25000,47039,Region 4,['FJTAP']
MANN+HUMMEL USA Inc.,12/10/2019,15000000,50,50,Expansion,Sequatchie,4,25000,0,0,25000,47153,Region 2,['FJTAP']
"Master Tool & Die, Inc",12/31/2017,557500,0,25,Expansion,Sullivan,2,25000,0,0,25000,47163,Region 1,['FJTAP']
"Performance Food Group, Inc.",1/31/2022,30300000,25,25,Expansion,Shelby,2,25000,0,0,25000,47157,Region 4,['FJTAP']
"Petainer Manufacturing USA, Inc.",4/30/2023,1400000,20,20,Recruitment,Obion,3,25000,0,0,25000,47131,Region 4,['FJTAP']
"RDX, LLC",11/30/2020,7200000,25,25,Expansion New Location,Shelby,2,25000,0,0,25000,47157,Region 4,['FJTAP']
Reily Foods Company,7/31/2019,10000000,19,25,Expansion,Knox,1,25000,0,0,25000,47093,Region 1,['FJTAP']
"Tree Products, LLC",8/31/2021,2559000,0,25,Expansion,Scott,4,25000,0,0,25000,47151,Region 1,['FJTAP']
Carlisle Fluid Technologies,10/31/2017,1200000,16,16,Expansion,Madison,2,24876,0,0,24876,47113,Region 4,['FJTAP']
Arciplex,2/25/2016,500000,0,35,Expansion,Davidson,1,24500,0,0,24500,47037,Region 3,['FJTAP']
Great Neck Saw Manufacturing Company,9/30/2020,1385000,47,47,Expansion,Washington,1,23500,0,0,23500,47179,Region 1,['FJTAP']
"Ware Manufacturing, Inc.",5/28/2018,1100000,32,32,Expansion,Hawkins,4,22659,0,0,22659,47073,Region 1,['FJTAP']
"Commercial Filter Maintenance Co., Inc.",11/23/2020,8980000,30,30,Expansion New Location,Fayette,1,21000,0,0,21000,47047,Region 4,['FJTAP']
New River Hardwood Inc,3/29/2018,3800000,21,21,Expansion New Location,Carter,4,21000,0,0,21000,47019,Region 1,['FJTAP']
Atlantic Track & Turnout,7/31/2020,0,20,20,Expansion,Shelby,2,20000,0,0,20000,47157,Region 4,['FJTAP']
Buffalo River Truss LLC,5/23/2022,1490896,40,40,Expansion New Location,Perry,4,20000,0,0,20000,47135,Region 3,['FJTAP']
Nashville Wire Products Corporation,2/21/2018,4350000,0,20,Expansion,Stewart,2,20000,0,0,20000,47161,Region 3,['FJTAP']
"Welch Packaging Group, Inc",12/6/2021,3285638,27,48,New Startup,Wilson,1,20000,0,0,20000,47189,Region 3,['FJTAP']
"Bobrick Washroom Equipment, Inc.",4/30/2021,5550000,15,15,Expansion,Madison,2,18000,0,0,18000,47113,Region 4,['FJTAP']
New River Hardwoods,4/30/2017,564500,17,17,Expansion,Johnson,4,18000,0,0,18000,47091,Region 1,['FJTAP']
Rogers Foam,10/31/2022,1736152,33,33,Recruitment,Sullivan,2,16500,0,0,16500,47163,Region 1,['FJTAP']
Apple Tree International Corp.,10/31/2019,2000000,30,30,Recruitment,Shelby,2,15000,0,0,15000,47157,Region 4,['FJTAP']
Memphis Record Pressing,6/30/2019,500000,28,28,Expansion,Shelby,2,14000,0,0,14000,47157,Region 4,['FJTAP']
Alliance Hardwood Inc.,3/31/2019,500000,0,24,New Startup,Greene,3,13840,0,0,13840,47059,Region 1,['FJTAP']
"Pacific Paper Products, Inc.",2/29/2016,2335000,0,27,Expansion New Location,Shelby,2,13500,0,0,13500,47157,Region 4,['FJTAP']
ExactaTiles,2/28/2017,550000,21,25,Expansion,Wilson,1,12500,0,0,12500,47189,Region 3,['FJTAP']
SP-Teri,10/28/2021,435000,25,35,Expansion New Location,Humphreys,2,12500,0,0,12500,47085,Region 3,['FJTAP']
Carbon Black Global LLC,7/31/2016,1500000,0,10,Expansion New Location,Sequatchie,4,10000,0,0,10000,47153,Region 2,['FJTAP']
"Equistar Chemicals, LP",3/31/2017,11500000,0,9,Expansion,Madison,2,10000,0,0,10000,47113,Region 4,['FJTAP']
"Savannah Industrial Solutions, LLC",8/31/2021,1000000,20,20,Expansion,Hardin,3,10000,0,0,10000,47071,Region 4,['FJTAP']
"ThyssenKrupp Elevator Manufacturing, Inc.",10/31/2016,0,12,12,Expansion,Shelby,2,7200,0,0,7200,47157,Region 4,['FJTAP']
